H001   , 125 
H002   , 128 
H003   , 131 
He003  , 225 
He004 ,  228
Li006, 325 
Li00,  328
Be00,  419
Be00,  425
Be01,  428
Be01,  431
Rf25,  455
Rf25,  457
Rf257,  457
Rf25,  459
Rf26,  461
Rf261,  461
Rf26,  463
Rf26,  464
Rf26,  465
Rf26,  466
Rf26,  467
Rf26,  468
B01,  525
B01,  528
Db25,  555
Db25,  556
Db25,  557
Db25,  558
Db258,  558
Db26,  560
Db26,  561
Db26,  562
Db26,  563
Db26,  564
Db26,  565
Db26,  566
Db26,  567
Db26,  568
Db26,  569
Db27,  570
C01,  619
C01,  622
C01,  625
C01,  628
C01,  631
C01,  634
Sg26,  665
Sg265,  665
Sg26,  667
Sg26,  668
Sg26,  669
Sg27,  670
Sg27,  671
Sg27,  672
Sg27,  673
N01,  722
N01,  725
N01,  728
N01,  731
N01,  734
Bh26,  764
Bh26,  765
Bh26,  766
Bh26,  767
Bh26,  768
Bh26,  769
Bh27,  770
Bh27,  771
Bh27,  772
Bh27,  773
Bh27,  774
Bh27,  775
O01,  819
O01,  822
O01,  825
O01,  828
O01,  831
O01,  834
O02,  837
O02,  840
O02,  843
Hs26,  868
Hs26,  869
Hs27,  870
Hs27,  871
Hs27,  872
F01,  919
F01,  922
F01,  925
F02,  928
F02,  931
F02,  934
F02,  937
Mt27,  977
Mt27,  978
Mt27,  979
Ne018, 1019
Ne019, 1022
Ne020, 1025
Ne021, 1028
Ne022, 1031
Ne023, 1034
Ne024, 1037
Ds280, 1080
Ds281, 1081
Na021, 1119
Na022, 1122
Na023, 1125
Na024, 1128
Na025, 1131
Na026, 1134
Rg280, 1180
Rg281, 1181
Rg282, 1182
Rg283, 1183
Mg022, 1219
Mg023, 1222
Mg024, 1225
Mg025, 1228
Mg026, 1231
Mg027, 1234
Mg028, 1237
Mg029, 1240
Cn283, 1283
Cn285, 1285
Al024, 1316
Al025, 1319
Al026, 1322
Al026m, 1323
Al027, 1325
Al028, 1328
Al029, 1331
Al030, 1334
Nh284, 1384
Nh285, 1385
Nh286, 1386
Nh287, 1387
Si026, 1419
Si027, 1422
Si028, 1425
Si029, 1428
Si030, 1431
Si031, 1434
Si032, 1437
Si033, 1440
Si034, 1443
Fl289, 1489
P029, 1519
P030, 1522
P031, 1525
P032, 1528
P033, 1531
P034, 1534
P035, 1537
P036, 1540
P037, 1543
Mc291, 1591
S030, 1619
S031, 1622
S032, 1625
S033, 1628
S034, 1631
S035, 1634
S036, 1637
S037, 1640
S038, 1643
S039, 1646
S040, 1649
S041, 1652
S042, 1655
Cl033, 1719
Cl034, 1722
Cl034m, 1723
Cl035, 1725
Cl036, 1728
Cl037, 1731
Cl038, 1734
Cl039, 1737
Cl040, 1740
Cl041, 1743
Cl042, 1746
Cl043, 1749
Ar035, 1822
Ar036, 1825
Ar037, 1828
Ar038, 1831
Ar039, 1834
Ar040, 1837
Ar041, 1840
Ar042, 1843
Ar043, 1846
Ar044, 1849
Ar045, 1852
Ar046, 1855
Ar047, 1858
K037, 1919
K038, 1922
K039, 1925
K040, 1928
K041, 1931
K042, 1934
K043, 1937
K044, 1940
K045, 1943
K046, 1946
K047, 1949
K048, 1952
K049, 1955
Ca040, 2025
Ca041, 2028
Ca042, 2031
Ca043, 2034
Ca044, 2037
Ca045, 2040
Ca046, 2043
Ca047, 2046
Ca048, 2049
Ca049, 2052
Ca050, 2055
Ca051, 2058
Ca052, 2061
Sc042m, 2117
Sc043, 2119
Sc044, 2122
Sc044m, 2123
Sc045, 2125
Sc046, 2128
Sc046m, 2129
Sc047, 2131
Sc048, 2134
Sc049, 2137
Sc050, 2140
Sc051, 2143
Sc052, 2146
Sc053, 2149
Ti044, 2219
Ti045, 2222
Ti046, 2225
Ti047, 2228
Ti048, 2231
Ti048m, 2232
Ti049, 2234
Ti050, 2237
Ti051, 2240
Ti052, 2243
Ti053, 2246
Ti054, 2249
Ti055, 2252
V047, 2316
V048, 2319
V049, 2322
V050, 2325
V051, 2328
V052, 2331
V053, 2334
V054, 2337
V055, 2340
Cr048, 2419
Cr049, 2422
Cr050, 2425
Cr051, 2428
Cr052, 2431
Cr053, 2434
Cr054, 2437
Cr055, 2440
Cr056, 2443
Cr057, 2446
Cr058, 2449
Cr059, 2452
Mn050m, 2511
Mn051, 2513
Mn052, 2516
Mn052m, 2517
Mn053, 2519
Mn054, 2522
Mn055, 2525
Mn056, 2528
Mn057, 2531
Mn058, 2534
Mn058m, 2535
Mn059, 2537
Mn060m, 2541
Fe052, 2619
Fe052m, 2620
Fe053, 2622
Fe053m, 2623
Fe054, 2625
Fe055, 2628
Fe056, 2631
Fe057, 2634
Fe058, 2637
Fe059, 2640
Fe060, 2643
Fe061, 2646
Fe062, 2649
Fe063, 2652
Fe064, 2655
Fe065m, 2659
Co054m, 2711
Co055, 2713
Co056, 2716
Co057, 2719
Co058, 2722
Co058m, 2723
Co059, 2725
Co060, 2728
Co060m, 2729
Co061, 2731
Co062, 2734
Co062m, 2735
Co063, 2737
Co065, 2743
Co068m, 2753
Ni056, 2819
Ni057, 2822
Ni058, 2825
Ni059, 2828
Ni060, 2831
Ni061, 2834
Ni062, 2837
Ni063, 2840
Ni064, 2843
Ni065, 2846
Ni066, 2849
Ni067, 2852
Ni068, 2855
Ni069, 2858
Ni070, 2861
Ni071, 2864
Ni071m, 2865
Ni072, 2867
Cu058, 2910
Cu059, 2913
Cu060, 2916
Cu061, 2919
Cu062, 2922
Cu063, 2925
Cu064, 2928
Cu065, 2931
Cu066, 2934
Cu067, 2937
Cu068, 2940
Cu068m, 2941
Cu069, 2943
Cu070, 2946
Cu070m, 2947
Cu070n, 2948
Cu071, 2949
Cu072, 2952
Cu073, 2955
Cu074, 2958
Cu075, 2961
Cu076m, 2965
Zn060, 3013
Zn061, 3016
Zn062, 3019
Zn063, 3022
Zn064, 3025
Zn065, 3028
Zn066, 3031
Zn067, 3034
Zn068, 3037
Zn069, 3040
Zn069m, 3041
Zn070, 3043
Zn071, 3046
Zn071m, 3047
Zn072, 3049
Zn073, 3052
Zn073m, 3053
Zn074, 3055
Zn075, 3058
Zn076, 3061
Zn077, 3064
Zn077m, 3065
Zn078, 3067
Ga063, 3107
Ga064, 3110
Ga065, 3113
Ga066, 3116
Ga067, 3119
Ga068, 3122
Ga069, 3125
Ga070, 3128
Ga071, 3131
Ga072, 3134
Ga073, 3137
Ga074, 3140
Ga074m, 3141
Ga075, 3143
Ga076, 3146
Ga077, 3149
Ga078, 3152
Ga079, 3155
Ga080, 3158
Ga081, 3161
Ge064, 3207
Ge065, 3210
Ge066, 3213
Ge067, 3216
Ge068, 3219
Ge069, 3222
Ge070, 3225
Ge071, 3228
Ge072, 3231
Ge073, 3234
Ge074, 3237
Ge075, 3240
Ge075m, 3241
Ge076, 3243
Ge077, 3246
Ge077m, 3247
Ge078, 3249
Ge079, 3252
Ge079m, 3253
Ge080, 3255
Ge081, 3258
Ge081m, 3259
Ge082, 3261
Ge083, 3264
As067, 3301
As068, 3304
As069, 3307
As070, 3310
As071, 3313
As072, 3316
As073, 3319
As074, 3322
As075, 3325
As076, 3328
As077, 3331
As078, 3334
As079, 3337
As080, 3340
As081, 3343
As082, 3346
As082m, 3347
As083, 3349
As084, 3352
As085, 3355
Se068, 3407
Se069, 3410
Se070, 3413
Se071, 3416
Se072, 3419
Se073, 3422
Se073m, 3423
Se074, 3425
Se075, 3428
Se076, 3431
Se077, 3434
Se077m, 3435
Se078, 3437
Se079, 3440
Se079m, 3441
Se080, 3443
Se081, 3446
Se081m, 3447
Se082, 3449
Se083, 3452
Se083m, 3453
Se084, 3455
Se085, 3458
Se086, 3461
Se087, 3464
Se088, 3467
Br070m, 3499
Br071, 3501
Br072, 3504
Br072m, 3505
Br073, 3507
Br074, 3510
Br074m, 3511
Br075, 3513
Br076, 3516
Br076m, 3517
Br077, 3519
Br077m, 3520
Br078, 3522
Br079, 3525
Br079m, 3526
Br080, 3528
Br080m, 3529
Br081, 3531
Br082, 3534
Br082m, 3535
Br083, 3537
Br084, 3540
Br084m, 3541
Br085, 3543
Br086, 3546
Br087, 3549
Br088, 3552
Br089, 3555
Br090, 3558
Kr072, 3607
Kr073, 3610
Kr074, 3613
Kr075, 3616
Kr076, 3619
Kr077, 3622
Kr078, 3625
Kr079, 3628
Kr079m, 3629
Kr080, 3631
Kr081, 3634
Kr081m, 3635
Kr082, 3637
Kr083, 3640
Kr083m, 3641
Kr084, 3643
Kr085, 3646
Kr085m, 3647
Kr086, 3649
Kr087, 3652
Kr088, 3655
Kr089, 3658
Kr090, 3661
Kr091, 3664
Kr092, 3667
Kr093, 3670
Rb075, 3695
Rb076, 3698
Rb077, 3701
Rb078, 3704
Rb078m, 3705
Rb079, 3707
Rb080, 3710
Rb081, 3713
Rb081m, 3714
Rb082, 3716
Rb082m, 3717
Rb083, 3719
Rb084, 3722
Rb084m, 3723
Rb085, 3725
Rb086, 3728
Rb086m, 3729
Rb087, 3731
Rb088, 3734
Rb089, 3737
Rb090, 3740
Rb090m, 3741
Rb091, 3743
Rb092, 3746
Rb093, 3749
Rb094, 3752
Sr076, 3801
Sr077, 3804
Sr078, 3807
Sr079, 3810
Sr080, 3813
Sr081, 3816
Sr082, 3819
Sr083, 3822
Sr083m, 3823
Sr084, 3825
Sr085, 3828
Sr085m, 3829
Sr086, 3831
Sr087, 3834
Sr087m, 3835
Sr088, 3837
Sr089, 3840
Sr090, 3843
Sr091, 3846
Sr092, 3849
Sr093, 3852
Sr094, 3855
Sr095, 3858
Sr096, 3861
Y078m, 3893
Y079, 3895
Y080, 3898
Y080m, 3899
Y081, 3901
Y082, 3904
Y083, 3907
Y083m, 3908
Y084, 3910
Y084m, 3911
Y085, 3913
Y085m, 3914
Y086, 3916
Y086m, 3917
Y087, 3919
Y087m, 3920
Y088, 3922
Y089, 3925
Y089m, 3926
Y090, 3928
Y090m, 3929
Y091, 3931
Y091m, 3932
Y092, 3934
Y093, 3937
Y094, 3940
Y095, 3943
Y096, 3946
Y096m, 3947
Y097, 3949
Y097m, 3950
Y098m, 3953
Y099, 3955
Zr080, 3995
Zr081, 3998
Zr082, 4001
Zr083, 4004
Zr084, 4007
Zr085, 4010
Zr085m, 4011
Zr086, 4013
Zr087, 4016
Zr087m, 4017
Zr088, 4019
Zr089, 4022
Zr089m, 4023
Zr090, 4025
Zr091, 4028
Zr092, 4031
Zr093, 4034
Zr094, 4037
Zr095, 4040
Zr096, 4043
Zr097, 4046
Zr098, 4049
Zr099, 4052
Zr100, 4055
Zr101, 4058
Zr102, 4061
Zr103, 4064
Nb083, 4095
Nb084, 4098
Nb085, 4101
Nb086, 4104
Nb086m, 4105
Nb087, 4107
Nb087m, 4108
Nb088, 4110
Nb088m, 4111
Nb089, 4113
Nb089m, 4114
Nb090, 4116
Nb090m, 4117
Nb091, 4119
Nb091m, 4120
Nb092, 4122
Nb092m, 4123
Nb093, 4125
Nb093m, 4126
Nb094, 4128
Nb094m, 4129
Nb095, 4131
Nb095m, 4132
Nb096, 4134
Nb097, 4137
Nb097m, 4138
Nb098, 4140
Nb098m, 4141
Nb099, 4143
Nb099m, 4144
Nb100, 4146
Nb100m, 4147
Nb101, 4149
Nb102, 4152
Nb102m, 4153
Nb103, 4155
Nb104, 4158
Nb105, 4161
Nb106, 4164
Mo084, 4201
Mo085, 4204
Mo086, 4207
Mo087, 4210
Mo088, 4213
Mo089, 4216
Mo090, 4219
Mo091, 4222
Mo091m, 4223
Mo092, 4225
Mo093, 4228
Mo093m, 4229
Mo094, 4231
Mo095, 4234
Mo096, 4237
Mo097, 4240
Mo098, 4243
Mo099, 4246
Mo100, 4249
Mo101, 4252
Mo102, 4255
Mo103, 4258
Mo104, 4261
Mo105, 4264
Mo106, 4267
Mo107, 4270
Mo108, 4273
Tc087, 4289
Tc088, 4292
Tc088m, 4293
Tc089, 4295
Tc089m, 4296
Tc090, 4298
Tc090m, 4299
Tc090n, 4300
Tc091, 4301
Tc091m, 4302
Tc092, 4304
Tc093, 4307
Tc093m, 4308
Tc094, 4310
Tc094m, 4311
Tc095, 4313
Tc095m, 4314
Tc096, 4316
Tc096m, 4317
Tc097, 4319
Tc097m, 4320
Tc098, 4322
Tc099, 4325
Tc099m, 4326
Tc100, 4328
Tc101, 4331
Tc102, 4334
Tc102m, 4335
Tc103, 4337
Tc104, 4340
Tc105, 4343
Tc106, 4346
Tc107, 4349
Tc108, 4352
Tc109, 4355
Ru088, 4401
Ru089, 4404
Ru090, 4407
Ru091, 4410
Ru092, 4413
Ru093, 4416
Ru093m, 4417
Ru094, 4419
Ru095, 4422
Ru096, 4425
Ru097, 4428
Ru098, 4431
Ru099, 4434
Ru100, 4437
Ru101, 4440
Ru102, 4443
Ru103, 4446
Ru104, 4449
Ru105, 4452
Ru106, 4455
Ru107, 4458
Ru108, 4461
Ru109, 4464
Ru110, 4467
Ru111, 4470
Ru112, 4473
Rh091, 4489
Rh091m, 4490
Rh092, 4492
Rh093, 4495
Rh094, 4498
Rh094m, 4499
Rh095, 4501
Rh095m, 4502
Rh096, 4504
Rh096m, 4505
Rh097, 4507
Rh097m, 4508
Rh098, 4510
Rh098m, 4511
Rh099, 4513
Rh099m, 4514
Rh100, 4516
Rh100m, 4517
Rh101, 4519
Rh101m, 4520
Rh102, 4522
Rh102m, 4523
Rh103, 4525
Rh103m, 4526
Rh104, 4528
Rh104m, 4529
Rh105, 4531
Rh105m, 4532
Rh106, 4534
Rh106m, 4535
Rh107, 4537
Rh108, 4540
Rh108m, 4541
Rh109, 4543
Rh110, 4546
Rh110m, 4547
Rh111, 4549
Rh112, 4552
Rh112m, 4553
Rh113, 4555
Rh114, 4558
Rh114m, 4559
Pd092, 4595
Pd093, 4598
Pd094, 4601
Pd095, 4604
Pd095m, 4605
Pd096, 4607
Pd097, 4610
Pd098, 4613
Pd099, 4616
Pd100, 4619
Pd101, 4622
Pd102, 4625
Pd103, 4628
Pd104, 4631
Pd105, 4634
Pd106, 4637
Pd107, 4640
Pd107m, 4641
Pd108, 4643
Pd109, 4646
Pd109m, 4647
Pd110, 4649
Pd111, 4652
Pd111m, 4653
Pd112, 4655
Pd113, 4658
Pd114, 4661
Pd115, 4664
Pd115m, 4665
Pd116, 4667
Pd117, 4670
Pd118, 4673
Ag095, 4689
Ag096, 4692
Ag096m, 4693
Ag097, 4695
Ag098, 4698
Ag099, 4701
Ag099m, 4702
Ag100, 4704
Ag100m, 4705
Ag101, 4707
Ag101m, 4708
Ag102, 4710
Ag102m, 4711
Ag103, 4713
Ag103m, 4714
Ag104, 4716
Ag104m, 4717
Ag105, 4719
Ag105m, 4720
Ag106, 4722
Ag106m, 4723
Ag107, 4725
Ag107m, 4726
Ag108, 4728
Ag108m, 4729
Ag109, 4731
Ag109m, 4732
Ag110, 4734
Ag110m, 4735
Ag111, 4737
Ag111m, 4738
Ag112, 4740
Ag113, 4743
Ag113m, 4744
Ag114, 4746
Ag115, 4749
Ag115m, 4750
Ag116, 4752
Ag116m, 4753
Ag116n, 4754
Ag117, 4755
Ag117m, 4756
Ag118, 4758
Ag118m, 4759
Ag119, 4761
Ag119m, 4762
Ag120, 4764
Cd097, 4798
Cd098, 4801
Cd099, 4804
Cd100, 4807
Cd101, 4810
Cd102, 4813
Cd103, 4816
Cd104, 4819
Cd105, 4822
Cd106, 4825
Cd107, 4828
Cd108, 4831
Cd109, 4834
Cd110, 4837
Cd111, 4840
Cd111m, 4841
Cd112, 4843
Cd113, 4846
Cd113m, 4847
Cd114, 4849
Cd115, 4852
Cd115m, 4853
Cd116, 4855
Cd117, 4858
Cd117m, 4859
Cd118, 4861
Cd119, 4864
Cd119m, 4865
Cd120, 4867
Cd121, 4870
Cd121m, 4871
Cd122, 4873
Cd123, 4876
Cd123m, 4877
Cd124, 4879
In098m, 4881
In099, 4883
In100, 4886
In101, 4889
In102, 4892
In103, 4895
In103m, 4896
In104, 4898
In104m, 4899
In105, 4901
In105m, 4902
In106, 4904
In106m, 4905
In107, 4907
In107m, 4908
In108, 4910
In108m, 4911
In109, 4913
In109m, 4914
In110, 4916
In110m, 4917
In111, 4919
In111m, 4920
In112, 4922
In112m, 4923
In113, 4925
In113m, 4926
In114, 4928
In114m, 4929
In115, 4931
In115m, 4932
In116, 4934
In116m, 4935
In116n, 4936
In117, 4937
In117m, 4938
In118, 4940
In118m, 4941
In118n, 4942
In119, 4943
In119m, 4944
In120, 4946
In120m, 4947
In120n, 4948
In121, 4949
In121m, 4950
In122, 4952
In122m, 4953
In122n, 4954
In123, 4955
In123m, 4956
In124, 4958
In124m, 4959
In125, 4961
In125m, 4962
In126, 4964
In126m, 4965
In127, 4967
In127m, 4968
In127n, 4969
In129m, 4974
Sn100, 4989
Sn101, 4992
Sn102, 4995
Sn103, 4998
Sn104, 5001
Sn105, 5004
Sn106, 5007
Sn107, 5010
Sn108, 5013
Sn109, 5016
Sn110, 5019
Sn111, 5022
Sn112, 5025
Sn113, 5028
Sn113m, 5029
Sn114, 5031
Sn115, 5034
Sn116, 5037
Sn117, 5040
Sn117m, 5041
Sn118, 5043
Sn119, 5046
Sn119m, 5047
Sn120, 5049
Sn121, 5052
Sn121m, 5053
Sn122, 5055
Sn123, 5058
Sn123m, 5059
Sn124, 5061
Sn125, 5064
Sn125m, 5065
Sn126, 5067
Sn127, 5070
Sn127m, 5071
Sn128, 5073
Sn128m, 5074
Sn129, 5076
Sb105, 5077
Sn129m, 5077
Sn130, 5079
Sn130m, 5080
Sn131, 5082
Sb107, 5083
Sn131m, 5083
Sn132, 5085
Sb108, 5086
Sn133, 5088
Sb109, 5089
Sn134, 5091
Sb110, 5092
Sb111, 5095
Sb112, 5098
Sb113, 5101
Sb114, 5104
Sb115, 5107
Sb116, 5110
Sb116m, 5111
Sb117, 5113
Sb118, 5116
Sb118m, 5117
Sb119, 5119
Sb120, 5122
Sb120m, 5123
Sb121, 5125
Sb122, 5128
Sb122m, 5129
Sb123, 5131
Sb124, 5134
Sb124m, 5135
Sb124n, 5136
Sb125, 5137
Sb126, 5140
Sb126m, 5141
Sb126n, 5142
Sb127, 5143
Sb128, 5146
Sb128m, 5147
Sb129, 5149
Sb129m, 5150
Sb130, 5152
Sb130m, 5153
Sb131, 5155
Sb132, 5158
Sb132m, 5159
Sb133, 5161
Sb134m, 5165
Sb135, 5167
Te108, 5189
Te109, 5192
Te110, 5195
Te111, 5198
Te112, 5201
Te113, 5204
Te114, 5207
Te115, 5210
Te115m, 5211
Te116, 5213
Te117, 5216
Te118, 5219
Te119, 5222
Te119m, 5223
Te120, 5225
Te121, 5228
Te121m, 5229
Te122, 5231
Te123, 5234
Te123m, 5235
Te124, 5237
Te125, 5240
Te125m, 5241
Te126, 5243
Te127, 5246
Te127m, 5247
Te128, 5249
Te129, 5252
Te129m, 5253
Te130, 5255
Te131, 5258
Te131m, 5259
Te132, 5261
Te133, 5264
Te133m, 5265
Te134, 5267
Te135, 5270
Te136, 5273
Te137, 5276
I111, 5277
Te138, 5279
I112, 5280
I113, 5283
I114, 5286
I114m, 5287
I115, 5289
I116, 5292
I117, 5295
I118, 5298
I118m, 5299
I119, 5301
I120, 5304
I120m, 5305
I121, 5307
I122, 5310
I123, 5313
I124, 5316
I125, 5319
I126, 5322
I127, 5325
I128, 5328
I129, 5331
I130, 5334
I130m, 5335
I131, 5337
I132, 5340
I132m, 5341
I133, 5343
I133m, 5344
I134, 5346
I134m, 5347
I135, 5349
I136, 5352
I136m, 5353
I137, 5355
I138, 5358
I139, 5361
Xe112, 5389
Xe113, 5392
Xe114, 5395
Xe115, 5398
Xe116, 5401
Xe117, 5404
Xe118, 5407
Xe119, 5410
Xe120, 5413
Xe121, 5416
Xe122, 5419
Xe123, 5422
Xe124, 5425
Xe125, 5428
Xe125m, 5429
Xe126, 5431
Xe127, 5434
Xe127m, 5435
Xe128, 5437
Xe129, 5440
Xe129m, 5441
Xe130, 5443
Xe131, 5446
Xe131m, 5447
Xe132, 5449
Xe133, 5452
Xe133m, 5453
Xe134, 5455
Xe135, 5458
Xe135m, 5459
Xe136, 5461
Xe137, 5464
Xe138, 5467
Xe139, 5470
Cs115, 5471
Xe140, 5473
Cs116m, 5475
Xe141, 5476
Cs117, 5477
Cs117m, 5478
Xe142, 5479
Cs118, 5480
Cs118m, 5481
Cs119, 5483
Cs119m, 5484
Cs120, 5486
Cs120m, 5487
Cs121, 5489
Cs121m, 5490
Cs122, 5492
Cs122m, 5493
Cs123, 5495
Cs123m, 5496
Cs124, 5498
Cs124m, 5499
Cs125, 5501
Cs126, 5504
Cs127, 5507
Cs128, 5510
Cs129, 5513
Cs130, 5516
Cs130m, 5517
Cs131, 5519
Cs132, 5522
Cs133, 5525
Cs134, 5528
Cs134m, 5529
Cs135, 5531
Cs135m, 5532
Cs136, 5534
Cs136m, 5535
Cs137, 5537
Cs138, 5540
Cs138m, 5541
Cs139, 5543
Cs140, 5546
Cs141, 5549
Cs142, 5552
Cs143, 5555
Cs144m, 5559
Ba116, 5583
Ba117, 5586
Ba118, 5589
Ba119, 5592
Ba120, 5595
Ba121, 5598
Ba122, 5601
Ba123, 5604
Ba124, 5607
Ba125, 5610
Ba126, 5613
Ba127, 5616
Ba127m, 5617
Ba128, 5619
Ba129, 5622
Ba129m, 5623
Ba130, 5625
Ba131, 5628
Ba131m, 5629
Ba132, 5631
Ba133, 5634
Ba133m, 5635
Ba134, 5637
Ba135, 5640
Ba135m, 5641
Ba136, 5643
Ba137, 5646
Ba137m, 5647
Ba138, 5649
Ba139, 5652
Ba140, 5655
Ba141, 5658
Ba142, 5661
Ba143, 5664
Ba144, 5667
La119, 5668
Ba145, 5670
La120, 5671
Ba146, 5673
La121, 5674
La122, 5677
La123, 5680
La124, 5683
La124m, 5684
La125, 5686
La126, 5689
La126m, 5690
La127, 5692
La127m, 5693
La128, 5695
La128m, 5696
La129, 5698
La130, 5701
La131, 5704
La132, 5707
La132m, 5708
La133, 5710
La134, 5713
La135, 5716
La136, 5719
La137, 5722
La138, 5725
La139, 5728
La140, 5731
La141, 5734
La142, 5737
La143, 5740
La144, 5743
La145, 5746
La146, 5749
La146m, 5750
La147, 5752
La148, 5755
La149, 5758
Ce121, 5780
Ce122, 5783
Ce123, 5786
Ce124, 5789
Ce125, 5792
Ce126, 5795
Ce127, 5798
Ce127m, 5799
Ce128, 5801
Ce129, 5804
Ce130, 5807
Ce131, 5810
Ce131m, 5811
Ce132, 5813
Ce133, 5816
Ce133m, 5817
Ce134, 5819
Ce135, 5822
Ce135m, 5823
Ce136, 5825
Ce137, 5828
Ce137m, 5829
Ce138, 5831
Ce139, 5834
Ce139m, 5835
Ce140, 5837
Ce141, 5840
Ce142, 5843
Ce143, 5846
Ce144, 5849
Ce145, 5852
Ce146, 5855
Ce147, 5858
Ce148, 5861
Ce149, 5864
Ce150, 5867
Ce151, 5870
Ce152, 5873
Pr124, 5874
Pr125, 5877
Pr126, 5880
Pr127, 5883
Pr128, 5886
Pr129, 5889
Pr130, 5892
Pr131, 5895
Pr131m, 5896
Pr132, 5898
Pr133, 5901
Pr133m, 5902
Pr134, 5904
Pr134m, 5905
Pr135, 5907
Pr136, 5910
Pr137, 5913
Pr138, 5916
Pr138m, 5917
Pr139, 5919
Pr140, 5922
Pr141, 5925
Pr142, 5928
Pr142m, 5929
Pr143, 5931
Pr144, 5934
Pr144m, 5935
Pr145, 5937
Pr146, 5940
Pr147, 5943
Pr148, 5946
Pr148m, 5947
Pr149, 5949
Pr150, 5952
Pr151, 5955
Pr152, 5958
Pr153, 5961
Pr154, 5964
Pr155, 5967
Nd126, 5977
Nd127, 5980
Nd128, 5983
Nd129, 5986
Nd130, 5989
Nd131, 5992
Nd132, 5995
Nd133, 5998
Nd133m, 5999
Nd134, 6001
Nd135, 6004
Nd136, 6007
Nd137, 6010
Nd137m, 6011
Nd138, 6013
Nd139, 6016
Nd139m, 6017
Nd140, 6019
Nd141, 6022
Nd141m, 6023
Nd142, 6025
Nd143, 6028
Nd144, 6031
Nd145, 6034
Nd146, 6037
Nd147, 6040
Nd148, 6043
Nd149, 6046
Nd150, 6049
Nd151, 6052
Nd152, 6055
Nd153, 6058
Nd154, 6061
Nd155, 6064
Nd156, 6067
Nd157, 6070
Pm127, 6089
Pm128, 6092
Pm129, 6095
Pm130, 6098
Pm131, 6101
Pm132, 6104
Pm133, 6107
Pm133m, 6108
Pm134, 6110
Pm134m, 6111
Pm135, 6113
Pm135m, 6114
Pm136, 6116
Pm136m, 6117
Pm137, 6119
Pm138, 6122
Pm138m, 6123
Pm139, 6125
Pm140, 6128
Pm140m, 6129
Pm141, 6131
Pm142, 6134
Pm143, 6137
Pm144, 6140
Pm145, 6143
Pm146, 6146
Pm147, 6149
Pm148, 6152
Pm148m, 6153
Pm149, 6155
Pm150, 6158
Pm151, 6161
Pm152, 6164
Pm152m, 6165
Pm152n, 6166
Pm153, 6167
Pm154, 6170
Pm154m, 6171
Pm155, 6173
Pm156, 6176
Pm156m, 6177
Pm157, 6179
Pm158, 6182
Sm130, 6183
Pm159, 6185
Sm131, 6186
Pm160, 6188
Sm132, 6189
Sm133, 6192
Sm133m, 6193
Sm134, 6195
Sm135, 6198
Sm136, 6201
Sm137, 6204
Sm138, 6207
Sm139, 6210
Sm139m, 6211
Sm140, 6213
Sm141, 6216
Sm141m, 6217
Sm142, 6219
Sm143, 6222
Sm143m, 6223
Sm144, 6225
Sm145, 6228
Sm146, 6231
Sm147, 6234
Sm148, 6237
Sm149, 6240
Sm150, 6243
Sm151, 6246
Sm152, 6249
Sm153, 6252
Sm154, 6255
Sm155, 6258
Sm156, 6261
Sm157, 6264
Sm158, 6267
Sm159, 6270
Sm160, 6273
Sm161, 6276
Eu135, 6277
Sm162, 6279
Eu136, 6280
Eu136m, 6281
Sm163, 6282
Eu137, 6283
Eu138, 6286
Eu139, 6289
Eu140, 6292
Eu141, 6295
Eu141m, 6296
Eu142, 6298
Eu142m, 6299
Eu143, 6301
Eu144, 6304
Eu145, 6307
Eu146, 6310
Eu147, 6313
Eu148, 6316
Eu149, 6319
Eu150, 6322
Eu150m, 6323
Eu151, 6325
Eu152, 6328
Eu152m, 6329
Eu152n, 6330
Eu153, 6331
Eu154, 6334
Eu154m, 6335
Eu155, 6337
Eu156, 6340
Eu157, 6343
Eu158, 6346
Eu159, 6349
Eu160, 6352
Eu161, 6355
Eu162, 6358
Eu163, 6361
Eu164, 6364
Eu165, 6367
Eu166, 6370
Gd135, 6374
Gd136, 6377
Gd137, 6380
Gd138, 6383
Gd139, 6386
Gd139m, 6387
Gd140, 6389
Gd141, 6392
Gd141m, 6393
Gd142, 6395
Gd143, 6398
Gd143m, 6399
Gd144, 6401
Gd145, 6404
Gd145m, 6405
Gd146, 6407
Gd147, 6410
Gd148, 6413
Gd149, 6416
Gd150, 6419
Gd151, 6422
Gd152, 6425
Gd153, 6428
Gd154, 6431
Gd155, 6434
Gd156, 6437
Gd157, 6440
Gd158, 6443
Gd159, 6446
Gd160, 6449
Gd161, 6452
Gd162, 6455
Gd163, 6458
Gd164, 6461
Gd165, 6464
Tb139, 6465
Gd166, 6467
Tb140, 6468
Gd167, 6470
Tb141, 6471
Tb141m, 6472
Gd169, 6476
Tb143, 6477
Tb143m, 6478
Tb144, 6480
Tb144m, 6481
Tb145, 6483
Tb146, 6486
Tb146m, 6487
Tb147, 6489
Tb147m, 6490
Tb148, 6492
Tb148m, 6493
Tb149, 6495
Tb149m, 6496
Tb150, 6498
Tb150m, 6499
Tb151, 6501
Tb151m, 6502
Tb152, 6504
Tb152m, 6505
Tb153, 6507
Tb154, 6510
Tb154m, 6511
Tb154n, 6512
Tb155, 6513
Tb156, 6516
Tb156m, 6517
Tb156n, 6518
Tb157, 6519
Tb158, 6522
Tb158m, 6523
Tb159, 6525
Tb160, 6528
Tb161, 6531
Tb162, 6534
Tb163, 6537
Tb164, 6540
Tb165, 6543
Tb166, 6546
Tb167, 6549
Tb168, 6552
Tb169, 6555
Tb170, 6558
Dy142, 6583
Dy143, 6586
Dy143m, 6587
Dy144, 6589
Dy145, 6592
Dy145m, 6593
Dy146, 6595
Dy147, 6598
Dy147m, 6599
Dy148, 6601
Dy149, 6604
Dy150, 6607
Dy151, 6610
Dy152, 6613
Dy153, 6616
Dy154, 6619
Dy155, 6622
Dy156, 6625
Dy157, 6628
Dy158, 6631
Dy159, 6634
Dy160, 6637
Dy161, 6640
Dy162, 6643
Dy163, 6646
Dy164, 6649
Dy165, 6652
Dy165m, 6653
Dy166, 6655
Dy167, 6658
Dy168, 6661
Dy169, 6664
Ho145, 6665
Dy170, 6667
Ho146, 6668
Dy171, 6670
Ho147, 6671
Dy172, 6673
Ho148, 6674
Ho148m, 6675
Dy173, 6676
Ho149, 6677
Ho149m, 6678
Ho150, 6680
Ho150m, 6681
Ho151, 6683
Ho151m, 6684
Ho152, 6686
Ho152m, 6687
Ho153, 6689
Ho153m, 6690
Ho154, 6692
Ho154m, 6693
Ho155, 6695
Ho156, 6698
Ho156m, 6699
Ho156n, 6700
Ho157, 6701
Ho158, 6704
Ho158m, 6705
Ho158n, 6706
Ho159, 6707
Ho159m, 6708
Ho160, 6710
Ho160m, 6711
Ho160n, 6712
Ho161, 6713
Ho161m, 6714
Ho162, 6716
Ho162m, 6717
Ho163, 6719
Ho163m, 6720
Ho164, 6722
Ho164m, 6723
Ho165, 6725
Ho166, 6728
Ho166m, 6729
Ho167, 6731
Ho168, 6734
Ho168m, 6735
Ho169, 6737
Ho170, 6740
Ho170m, 6741
Ho171, 6743
Ho172, 6746
Ho173, 6749
Ho174, 6752
Ho175, 6755
Er146, 6777
Er147, 6780
Er147m, 6781
Er148, 6783
Er149, 6786
Er149m, 6787
Er150, 6789
Er151, 6792
Er152, 6795
Er153, 6798
Er154, 6801
Er155, 6804
Er156, 6807
Er157, 6810
Er158, 6813
Er159, 6816
Er160, 6819
Er161, 6822
Er162, 6825
Er163, 6828
Er164, 6831
Er165, 6834
Er166, 6837
Er167, 6840
Er167m, 6841
Er168, 6843
Er169, 6846
Er170, 6849
Er171, 6852
Er172, 6855
Er173, 6858
Er174, 6861
Er175, 6864
Er176, 6867
Tm150, 6868
Er177, 6870
Tm151, 6871
Tm151m, 6872
Tm152, 6874
Tm152m, 6875
Tm153, 6877
Tm153m, 6878
Tm154, 6880
Tm154m, 6881
Tm155, 6883
Tm155m, 6884
Tm156, 6886
Tm157, 6889
Tm158, 6892
Tm158m, 6893
Tm159, 6895
Tm160, 6898
Tm160m, 6899
Tm161, 6901
Tm162, 6904
Tm162m, 6905
Tm163, 6907
Tm164, 6910
Tm164m, 6911
Tm165, 6913
Tm166, 6916
Tm167, 6919
Tm168, 6922
Tm169, 6925
Tm170, 6928
Tm171, 6931
Tm172, 6934
Tm173, 6937
Tm174, 6940
Tm175, 6943
Tm176, 6946
Tm177, 6949
Tm178, 6952
Tm179, 6955
Yb151, 6974
Yb151m, 6975
Yb152, 6977
Yb153, 6980
Yb155, 6986
Yb156, 6989
Yb157, 6992
Yb158, 6995
Yb159, 6998
Yb160, 7001
Yb161, 7004
Yb162, 7007
Yb163, 7010
Yb164, 7013
Yb165, 7016
Yb166, 7019
Yb167, 7022
Yb168, 7025
Yb169, 7028
Yb169m, 7029
Yb170, 7031
Yb171, 7034
Yb172, 7037
Yb173, 7040
Yb174, 7043
Yb175, 7046
Yb176, 7049
Yb176m, 7050
Yb177, 7052
Yb177m, 7053
Yb178, 7055
Yb179, 7058
Yb180, 7061
Lu154, 7062
Lu154m, 7063
Yb181, 7064
Lu157, 7071
Lu157m, 7072
Lu158, 7074
Lu159, 7077
Lu160, 7080
Lu160m, 7081
Lu161, 7083
Lu162, 7086
Lu162m, 7087
Lu162n, 7088
Lu163, 7089
Lu164, 7092
Lu165, 7095
Lu166, 7098
Lu166m, 7099
Lu166n, 7100
Lu167, 7101
Lu167m, 7102
Lu168, 7104
Lu168m, 7105
Lu169, 7107
Lu169m, 7108
Lu170, 7110
Lu171, 7113
Lu171m, 7114
Lu172, 7116
Lu172m, 7117
Lu173, 7119
Lu174, 7122
Lu174m, 7123
Lu175, 7125
Lu176, 7128
Lu176m, 7129
Lu177, 7131
Lu177m, 7132
Lu178, 7134
Lu178m, 7135
Lu179, 7137
Lu180, 7140
Lu181, 7143
Lu182, 7146
Lu183, 7149
Lu184, 7152
Lu185, 7155
Hf154, 7165
Hf158, 7177
Hf159, 7180
Hf160, 7183
Hf161, 7186
Hf162, 7189
Hf163, 7192
Hf164, 7195
Hf165, 7198
Hf166, 7201
Hf167, 7204
Hf168, 7207
Hf169, 7210
Hf170, 7213
Hf171, 7216
Hf171m, 7217
Hf172, 7219
Hf173, 7222
Hf174, 7225
Hf175, 7228
Hf176, 7231
Hf177, 7234
Hf177m, 7235
Hf177n, 7236
Hf178, 7237
Hf178m, 7238
Hf178n, 7239
Hf179, 7240
Hf179m, 7241
Hf179n, 7242
Hf180, 7243
Hf180m, 7244
Hf181, 7246
Hf182, 7249
Hf182m, 7250
Hf183, 7252
Hf184, 7255
Hf184m, 7256
Hf185, 7258
Hf186, 7261
Ta159, 7262
Hf187, 7264
Ta160, 7265
Ta160m, 7266
Hf188, 7267
Ta161, 7268
Ta161m, 7269
Hf189, 7270
Ta162, 7271
Ta163, 7274
Ta164, 7277
Ta165, 7280
Ta166, 7283
Ta167, 7286
Ta168, 7289
Ta169, 7292
Ta170, 7295
Ta171, 7298
Ta172, 7301
Ta173, 7304
Ta174, 7307
Ta175, 7310
Ta176, 7313
Ta177, 7316
Ta178, 7319
Ta178m, 7320
Ta179, 7322
Ta180, 7325
Ta180m, 7326
Ta181, 7328
Ta182, 7331
Ta182m, 7332
Ta183, 7334
Ta184, 7337
Ta185, 7340
Ta186, 7343
Ta187, 7346
Ta188, 7349
Ta189, 7352
Ta190, 7355
Ta191, 7358
Ta192, 7361
W162, 7371
W163, 7374
W164, 7377
W165, 7380
W166, 7383
W167, 7386
W168, 7389
W169, 7392
W170, 7395
W171, 7398
W172, 7401
W173, 7404
W174, 7407
W175, 7410
W176, 7413
W177, 7416
W178, 7419
W179, 7422
W179m, 7423
W180, 7425
W181, 7428
W182, 7431
W183, 7434
W183m, 7435
W184, 7437
W185, 7440
W185m, 7441
W186, 7443
W187, 7446
W188, 7449
W189, 7452
W190, 7455
W191, 7458
W192, 7461
W193, 7464
Re165, 7465
Re165m, 7466
W194, 7467
Re166, 7468
Re167, 7471
Re167m, 7472
Re168, 7474
Re169, 7477
Re169m, 7478
Re170, 7480
Re171, 7483
Re172, 7486
Re172m, 7487
Re173, 7489
Re174, 7492
Re175, 7495
Re176, 7498
Re177, 7501
Re178, 7504
Re179, 7507
Re180, 7510
Re181, 7513
Re182, 7516
Re182m, 7517
Re183, 7519
Re184, 7522
Re184m, 7523
Re185, 7525
Re186, 7528
Re186m, 7529
Re187, 7531
Re188, 7534
Re188m, 7535
Re189, 7537
Re190, 7540
Re190m, 7541
Re191, 7543
Re192, 7546
Re192m, 7547
Re193, 7549
Re194, 7552
Re195, 7555
Re196, 7558
Os168, 7577
Os169, 7580
Os170, 7583
Os171, 7586
Os172, 7589
Os173, 7592
Os174, 7595
Os175, 7598
Os176, 7601
Os177, 7604
Os178, 7607
Os179, 7610
Os180, 7613
Os181, 7616
Os181m, 7617
Os182, 7619
Os183, 7622
Os183m, 7623
Os184, 7625
Os185, 7628
Os186, 7631
Os187, 7634
Os188, 7637
Os189, 7640
Os189m, 7641
Os190, 7643
Os190m, 7644
Os191, 7646
Os191m, 7647
Os192, 7649
Os192m, 7650
Os193, 7652
Os194, 7655
Os195, 7658
Os196, 7661
Os197, 7664
Ir171, 7665
Ir171m, 7666
Os198, 7667
Ir172, 7668
Ir172m, 7669
Os199, 7670
Ir173, 7671
Ir173m, 7672
Os200, 7673
Ir174, 7674
Ir174m, 7675
Os201, 7676
Ir175, 7677
Ir176, 7680
Ir177, 7683
Ir178, 7686
Ir179, 7689
Ir180, 7692
Ir181, 7695
Ir182, 7698
Ir183, 7701
Ir184, 7704
Ir185, 7707
Ir186, 7710
Ir186m, 7711
Ir187, 7713
Ir188, 7716
Ir189, 7719
Ir190, 7722
Ir190m, 7723
Ir190n, 7724
Ir191, 7725
Ir191m, 7726
Ir191n, 7727
Ir192, 7728
Ir192m, 7729
Ir192n, 7730
Ir193, 7731
Ir193m, 7732
Ir194, 7734
Ir194m, 7735
Ir195, 7737
Ir195m, 7738
Ir196, 7740
Ir196m, 7741
Ir197, 7743
Ir197m, 7744
Ir198, 7746
Ir199, 7749
Ir200, 7752
Ir201, 7755
Ir202, 7758
Ir203, 7761
Pt175, 7780
Pt176, 7783
Pt177, 7786
Pt178, 7789
Pt179, 7792
Pt180, 7795
Pt181, 7798
Pt182, 7801
Pt183, 7804
Pt183m, 7805
Pt184, 7807
Pt185, 7810
Pt185m, 7811
Pt186, 7813
Pt187, 7816
Pt188, 7819
Pt189, 7822
Pt190, 7825
Pt191, 7828
Pt192, 7831
Pt193, 7834
Pt193m, 7835
Pt194, 7837
Pt195, 7840
Pt195m, 7841
Pt196, 7843
Pt197, 7846
Pt197m, 7847
Pt198, 7849
Pt199, 7852
Pt199m, 7853
Pt200, 7855
Pt201, 7858
Pt202, 7861
Au176, 7862
Au176m, 7863
Pt203, 7864
Au177, 7865
Au177m, 7866
Pt204, 7867
Au178, 7868
Pt205, 7870
Au179, 7871
Pt206, 7873
Au180, 7874
Au181, 7877
Au182, 7880
Au183, 7883
Au184, 7886
Au184m, 7887
Au185, 7889
Au185m, 7890
Au186, 7892
Au187, 7895
Au187m, 7896
Au188, 7898
Au189, 7901
Au189m, 7902
Au190, 7904
Au191, 7907
Au192, 7910
Au193, 7913
Au193m, 7914
Au194, 7916
Au195, 7919
Au195m, 7920
Au196, 7922
Au196m, 7923
Au196n, 7924
Au197, 7925
Au197m, 7926
Au198, 7928
Au198m, 7929
Au199, 7931
Au200, 7934
Au200m, 7935
Au201, 7937
Au202, 7940
Au203, 7943
Au204, 7946
Au205, 7949
Au206, 7952
Au207, 7955
Au208, 7958
Au209, 7961
Au210, 7964
Hg179, 7974
Hg180, 7977
Hg181, 7980
Hg182, 7983
Hg183, 7986
Hg184, 7989
Hg185, 7992
Hg185m, 7993
Hg186, 7995
Hg187, 7998
Hg187m, 7999
Hg188, 8001
Hg189, 8004
Hg189m, 8005
Hg190, 8007
Hg191, 8010
Hg191m, 8011
Hg192, 8013
Hg193, 8016
Hg193m, 8017
Hg194, 8019
Hg195, 8022
Hg195m, 8023
Hg196, 8025
Hg197, 8028
Hg197m, 8029
Hg198, 8031
Hg199, 8034
Hg199m, 8035
Hg200, 8037
Hg201, 8040
Hg202, 8043
Hg203, 8046
Hg204, 8049
Hg205, 8052
Hg206, 8055
Tl180, 8056
Hg207, 8058
Tl181, 8059
Hg208, 8061
Tl182, 8062
Hg209, 8064
Tl183, 8065
Hg210, 8067
Tl184, 8068
Hg211, 8070
Tl185, 8071
Tl185m, 8072
Hg212, 8073
Tl186, 8074
Tl186m, 8075
Hg213, 8076
Tl187, 8077
Tl187m, 8078
Hg214, 8079
Tl188, 8080
Tl188m, 8081
Hg215, 8082
Tl189, 8083
Tl189m, 8084
Tl190, 8086
Tl191, 8089
Tl191m, 8090
Tl192, 8092
Tl192m, 8093
Tl193, 8095
Tl193m, 8096
Tl194, 8098
Tl194m, 8099
Tl195, 8101
Tl195m, 8102
Tl196, 8104
Tl196m, 8105
Tl197, 8107
Tl198, 8110
Tl198m, 8111
Tl199, 8113
Tl200, 8116
Tl201, 8119
Tl202, 8122
Tl203, 8125
Tl204, 8128
Tl205, 8131
Tl206, 8134
Tl206m, 8135
Tl207, 8137
Tl207m, 8138
Tl208, 8140
Tl209, 8143
Tl210, 8146
Tl211, 8149
Tl212, 8152
Tl213, 8155
Tl214, 8158
Tl215, 8161
Tl216, 8164
Tl217, 8167
Pb185, 8168
Pb185m, 8169
Pb186, 8171
Pb187, 8174
Pb187m, 8175
Pb188, 8177
Pb189, 8180
Pb189m, 8181
Pb190, 8183
Pb191, 8186
Pb191m, 8187
Pb192, 8189
Pb193, 8192
Pb193m, 8193
Pb194, 8195
Pb195, 8198
Pb195m, 8199
Pb196, 8201
Pb197, 8204
Pb197m, 8205
Pb198, 8207
Pb199, 8210
Pb199m, 8211
Pb200, 8213
Pb201, 8216
Pb201m, 8217
Pb202, 8219
Pb202m, 8220
Pb203, 8222
Pb203m, 8223
Pb204, 8225
Pb204m, 8226
Pb205, 8228
Pb206, 8231
Pb207, 8234
Pb208, 8237
Pb209, 8240
Pb210, 8243
Pb211, 8246
Pb212, 8249
Pb213, 8252
Pb214, 8255
Pb215, 8258
Pb216, 8261
Pb217, 8264
Pb218, 8267
Bi190, 8268
Bi190m, 8269
Pb219, 8270
Bi191, 8271
Pb220, 8273
Bi192, 8274
Bi192m, 8275
Bi193, 8277
Bi193m, 8278
Bi194, 8280
Bi194m, 8281
Bi194n, 8282
Bi195, 8283
Bi195m, 8284
Bi196, 8286
Bi196m, 8287
Bi197, 8289
Bi197m, 8290
Bi198, 8292
Bi198m, 8293
Bi198n, 8294
Bi199, 8295
Bi199m, 8296
Bi200, 8298
Bi200m, 8299
Bi201, 8301
Bi201m, 8302
Bi202, 8304
Bi203, 8307
Bi204, 8310
Bi205, 8313
Bi206, 8316
Bi207, 8319
Bi208, 8322
Bi209, 8325
Bi210, 8328
Bi210m, 8329
Bi211, 8331
Bi212, 8334
Bi212m, 8335
Bi212n, 8336
Bi213, 8337
Bi214, 8340
Bi215, 8343
Bi215m, 8344
Bi216, 8346
Bi216m, 8347
Bi217, 8349
Bi218, 8352
Bi219, 8355
Bi220, 8358
Bi221, 8361
Bi222, 8364
Bi223, 8367
Po195, 8392
Po195m, 8393
Po196, 8395
Po197, 8398
Po197m, 8399
Po198, 8401
Po199, 8404
Po199m, 8405
Po200, 8407
Po201, 8410
Po201m, 8411
Po202, 8413
Po203, 8416
Po203m, 8417
Po204, 8419
Po205, 8422
Po206, 8425
Po207, 8428
Po207m, 8429
Po208, 8431
Po209, 8434
Po210, 8437
Po211m, 8441
Po212m, 8444
Po217, 8458
Po218, 8461
Po219, 8464
Po220, 8467
Po221, 8470
Po222, 8473
Po223, 8476
Po224, 8479
Po225, 8482
Po226, 8485
Po227, 8488
At197m, 8508
At198, 8510
At198m, 8511
At199, 8513
At200, 8516
At200m, 8517
At200n, 8518
At201, 8519
At202, 8522
At202m, 8523
At203, 8525
At204, 8528
At205, 8531
At206, 8534
At207, 8537
At208, 8540
At209, 8543
At210, 8546
At211, 8549
At218, 8570
At219, 8573
At220, 8576
At221, 8579
At222, 8582
At223, 8585
At224, 8588
At225, 8591
Rn200, 8592
At226, 8594
Rn201, 8595
Rn201m, 8596
At227, 8597
Rn202, 8598
At228, 8600
Rn203, 8601
Rn203m, 8602
At229, 8603
Rn204, 8604
Rn205, 8607
Rn206, 8610
Rn207, 8613
Rn208, 8616
Rn209, 8619
Rn210, 8622
Rn211, 8625
Rn212, 8628
Rn219, 8649
Rn220, 8652
Rn221, 8655
Rn222, 8658
Rn223, 8661
Rn224, 8664
Rn225, 8667
Rn226, 8670
Rn227, 8673
Rn228, 8676
Rn229, 8679
Rn230, 8682
Fr204, 8701
Fr204m, 8702
Fr205, 8704
Fr206, 8707
Fr206m, 8708
Fr207, 8710
Fr208, 8713
Fr209, 8716
Fr210, 8719
Fr211, 8722
Fr212, 8725
Fr213, 8728
Fr220, 8749
Fr221, 8752
Fr222, 8755
Fr223, 8758
Fr224, 8761
Fr225, 8764
Fr226, 8767
Fr227, 8770
Fr228, 8773
Fr229, 8776
Ra207, 8777
Fr230, 8779
Ra208, 8780
Fr231, 8782
Ra209, 8783
Fr232, 8785
Ra210, 8786
Fr233, 8788
Ra211, 8789
Ra212, 8792
Ra213, 8795
Ra214, 8798
Ra221, 8819
Ra222, 8822
Ra223, 8825
Ra224, 8828
Ra225, 8831
Ra226, 8834
Ra227, 8837
Ra228, 8840
Ra229, 8843
Ra230, 8846
Ra231, 8849
Ra232, 8852
Ra233, 8855
Ra234, 8858
Ra235, 8861
Ac214, 8892
Ac222, 8916
Ac222m, 8917
Ac223, 8919
Ac224, 8922
Ac225, 8925
Ac226, 8928
Ac227, 8931
Ac228, 8934
Ac229, 8937
Ac230, 8940
Ac231, 8943
Ac232, 8946
Ac233, 8949
Ac234, 8952
Ac235, 8955
Ac236, 8958
Ac237, 8961
Th215, 8989
Th224, 9016
Th225, 9019
Th226, 9022
Th227, 9025
Th228, 9028
Th229, 9031
Th230, 9034
Th231, 9037
Th232, 9040
Th233, 9043
Th234, 9046
Th235, 9049
Th236, 9052
Th237, 9055
Th238, 9058
Th239, 9061
Pa225, 9113
Pa226, 9116
Pa227, 9119
Pa228, 9122
Pa229, 9125
Pa230, 9128
Pa231, 9131
Pa232, 9134
Pa233, 9137
Pa234, 9140
Pa234m, 9141
Pa235, 9143
Pa236, 9146
Pa237, 9149
Pa238, 9152
Pa239, 9155
Pa240, 9158
Pa241, 9161
U227, 9204
U228, 9207
U229, 9210
U230, 9213
U231, 9216
U232, 9219
U233, 9222
U234, 9225
U235, 9228
U235m, 9229
U236, 9231
U237, 9234
U238, 9237
U239, 9240
U240, 9243
U241, 9246
U242, 9249
U243, 9252
Np228, 9319
Np229, 9322
Np230, 9325
Np231, 9328
Np232, 9331
Np233, 9334
Np234, 9337
Np235, 9340
Np236, 9343
Np236m, 9344
Np237, 9346
Np238, 9349
Np239, 9352
Np240, 9355
Np240m, 9356
Np241, 9358
Np242, 9361
Np242m, 9362
Np243, 9364
Np244, 9367
Np245, 9370
Pu228, 9404
Pu229, 9407
Pu230, 9410
Pu231, 9413
Pu232, 9416
Pu233, 9419
Pu234, 9422
Pu235, 9425
Pu236, 9428
Pu237, 9431
Pu238, 9434
Pu239, 9437
Pu240, 9440
Pu241, 9443
Pu242, 9446
Pu243, 9449
Pu244, 9452
Pu245, 9455
Pu246, 9458
Pu247, 9461
Am230, 9510
Am231, 9513
Am232, 9516
Am233, 9519
Am234, 9522
Am235, 9525
Am236, 9528
Am236m, 9529
Am237, 9531
Am238, 9534
Am239, 9537
Am240, 9540
Am241, 9543
Am242, 9546
Am242m, 9547
Am243, 9549
Am244, 9552
Am244m, 9553
Am245, 9555
Am246, 9558
Am246m, 9559
Am247, 9561
Am248, 9564
Am249, 9567
Cm232, 9601
Cm233, 9604
Cm234, 9607
Cm235, 9610
Cm236, 9613
Cm237, 9616
Cm238, 9619
Cm239, 9622
Cm240, 9625
Cm241, 9628
Cm242, 9631
Cm243, 9634
Cm244, 9637
Cm245, 9640
Cm246, 9643
Cm247, 9646
Cm248, 9649
Cm249, 9652
Cm250, 9655
Cm251, 9658
Cm252, 9661
Bk234, 9707
Bk235, 9710
Bk236, 9713
Bk237, 9716
Bk238, 9719
Bk239, 9722
Bk240, 9725
Bk241, 9728
Bk242, 9731
Bk243, 9734
Bk244, 9737
Bk245, 9740
Bk246, 9743
Bk247, 9746
Bk248, 9749
Bk248m, 9750
Bk249, 9752
Bk250, 9755
Bk251, 9758
Bk252, 9761
Bk253, 9764
Bk254, 9767
Cf239, 9822
Cf240, 9825
Cf241, 9828
Cf242, 9831
Cf243, 9834
Cf244, 9837
Cf245, 9840
Cf246, 9843
Cf247, 9846
Cf248, 9849
Cf249, 9852
Cf250, 9855
Cf251, 9858
Cf252, 9861
Cf253, 9864
Cf254, 9867
Cf255, 9870
Cf256, 9873
Es239, 9899
Es240, 9900
Es241, 9901
Es242, 9902
Es243, 9903
Es244, 9904
Es245, 9905
Es246, 9906
Es247, 9907
Es248, 9908
Es249, 9909
Es250, 9910
Es251, 9911
Es252, 9912
Es253, 9913
Es254, 9914
Es250m, 9915
Es255, 9915
Es256, 9916
Es257, 9917
Es258, 9918
Es254m, 9919
Es256m, 9921
Fm245, 9926
Fm246, 9927
Fm247, 9928
Fm248, 9929
Fm249, 9930
Fm250, 9931
Fm251, 9932
Fm247m, 9933
Fm252, 9933
Fm253, 9934
Fm254, 9935
Fm250m, 9936
Fm255, 9936
Fm256, 9937
Fm257, 9938
Fm259, 9940
Fm260, 9941
Md247, 9948
Md248, 9949
Md249, 9950
Md250, 9951
Md246m, 9952
Md251, 9952
Md252, 9953
Md253, 9954
Md249m, 9955
Md254, 9955
Md255, 9956
Md256, 9957
Md257, 9958
Md258, 9959
Md254m, 9960
Md259, 9960
Md260, 9961
Md261, 9962
Md262, 9963
Md258m, 9964
No252, 9970
No253, 9971
No254, 9972
No255, 9973
No251m, 9974
No256, 9974
No257, 9975
No259, 9977
No261, 9979
No263, 9981
No264, 9982
Lr254, 9983
Lr255, 9984
Lr256, 9985
Lr257, 9986
Lr253m, 9987
Lr258, 9987
Lr259, 9988
Lr255m, 9989
Lr260, 9989
Lr261, 9990
Lr262, 9991
Lr263, 9992
Lr264, 9993
Lr265, 9994
Lr266, 9995