1.00E-05,0.0116821
1.31E-05,0.0101974
1.71E-05,0.00893675
2.24E-05,0.00780095
2.92E-05,0.00683661
3.83E-05,0.00596765
4.99E-05,0.00522996
6.55E-05,0.00456524
8.53E-05,0.00400097
1.12E-04,0.00349245
1.46E-04,0.00306071
1.91E-04,0.00267177
2.49E-04,0.00234152
3.27E-04,0.00204385
4.25E-04,0.00179121
5.58E-04,0.00156353
7.27E-04,0.00137033
9.54E-04,0.00119616
0.00124203,0.00104825
0.00163006,9.15E-04
0.00212234,8.02E-04
0.00278538,7.00E-04
0.00362657,6.14E-04
0.00475955,5.37E-04
0.00619694,4.70E-04
0.00813293,4.10E-04
0.0105891,3.60E-04
0.0138972,3.14E-04
0.0180942,2.75E-04
0.0234661,2.42E-04
0.0253,2.33E-04
0.033204,2.03E-04
0.0432317,1.78E-04
0.0567377,1.55E-04
0.0738726,1.36E-04
0.0969512,1.19E-04
0.126231,1.04E-04
0.165666,9.09E-05
0.215698,7.97E-05
0.283085,6.95E-05
0.40461,5.82E-05
0.526803,5.10E-05
0.740326,4.30E-05
0.971613,3.75E-05
1.26504,3.31E-05
1.59764,2.93E-05
2.08012,2.57E-05
2.88541,2.18E-05
3.78684,1.90E-05
4.93047,1.68E-05
5.74551,1.54E-05
7.87708,1.32E-05
10.256,1.16E-05
12.5867,1.05E-05
15.7264,9.37E-06
20.4758,8.26E-06
25.1456,7.44E-06
31.425,6.66E-06
40.9154,5.87E-06
50.2634,5.30E-06
62.8223,4.75E-06
81.7947,4.20E-06
100.499,3.80E-06
125.617,3.42E-06
173.313,2.95E-06
228.834,2.60E-06
300.324,2.34E-06
366.119,2.15E-06
502.384,1.92E-06
732.212,1.71E-06
1004.74,1.59E-06
1464.4,1.52E-06
2411.34,1.55E-06
3660.96,1.71E-06
7345.16,2.37E-06
14690.3,3.91E-06
23430,5.97E-06
32216.3,8.50E-06
38805.9,1.10E-05
43931.2,1.35E-05
46310.9,1.52E-05
46768.5,1.61E-05
46920,1.72E-05
47000,1.86E-05
47040,1.99E-05
47072.7,2.15E-05
47100.7,2.38E-05
47124.4,2.70E-05
47141.3,3.06E-05
47156.3,3.52E-05
47169.4,4.14E-05
47178.8,4.77E-05
47188.4,5.71E-05
47196.6,6.88E-05
47204.5,8.51E-05
47210,1.01E-04
47215.6,1.25E-04
47220.5,1.54E-04
47224.5,1.88E-04
47228,2.30E-04
47231,2.79E-04
47233.8,3.40E-04
47236.2,4.15E-04
47238.5,5.14E-04
47240.6,6.42E-04
47242.1,7.69E-04
47243.4,9.19E-04
47244.4,0.00107701
47245.3,0.00127132
47246,0.00151259
47246.7,0.00181231
47247.2,0.00216527
47247.7,0.00266578
47248.1,0.00324651
47248.6,0.00403635
47249,0.00511088
47249.4,0.00651958
47249.9,0.00846493
47250.3,0.0110617
47250.8,0.0144896
47251.2,0.0189575
47251.6,0.0246994
47252.1,0.0331454
47252.6,0.0439694
47253.2,0.0594377
47253.8,0.0807021
47254.5,0.110954
47255.5,0.162213
47257.8,0.304853
47258.9,0.350901
47259.9,0.367673
47260,0.367768
47261,0.353245
47262,0.31309
47263.7,0.212418
47265,0.135638
47265.8,0.095571
47266.5,0.0699031
47267.1,0.0507303
47267.7,0.0371722
47268.1,0.0284435
47268.6,0.0219054
47269,0.0167763
47269.4,0.0128113
47269.9,0.00978713
47270.3,0.00756462
47270.7,0.00606503
47271.1,0.00470776
47271.6,0.00371675
47272,0.00299488
47272.5,0.00243108
47273.1,0.00197545
47273.6,0.00165857
47274.3,0.00139377
47275.1,0.00118047
47276.2,9.69E-04
47277.5,8.11E-04
47279.2,6.54E-04
47281.2,5.30E-04
47283.3,4.35E-04
47285.6,3.58E-04
47288.4,2.91E-04
47291.7,2.35E-04
47295.2,1.93E-04
47299.1,1.58E-04
47303.6,1.30E-04
47308.7,1.06E-04
47314.7,8.76E-05
47320.8,7.36E-05
47329.5,6.01E-05
47338.6,5.03E-05
47350.4,4.18E-05
47364.7,3.52E-05
47381.7,3.02E-05
47401.2,2.64E-05
47424.6,2.36E-05
47455.8,2.14E-05
47494.8,1.97E-05
47541.6,1.85E-05
47604.1,1.77E-05
47791.3,1.68E-05
48103.3,1.65E-05
50536.9,1.84E-05
53844.2,2.21E-05
56340.3,2.60E-05
58337.1,3.01E-05
59834.8,3.41E-05
61831.6,4.09E-05
63733.4,5.02E-05
65248.9,6.10E-05
66562.4,7.42E-05
67673.8,9.01E-05
68583.1,1.09E-04
69239.8,1.30E-04
69694.5,1.52E-04
69997.6,1.76E-04
70224.9,2.05E-04
70376.5,2.36E-04
70502.8,2.75E-04
70603.8,3.23E-04
70684.6,3.81E-04
70755.3,4.58E-04
70805.9,5.37E-04
70856.4,6.51E-04
70896.8,7.81E-04
70934.7,9.55E-04
70968.8,0.00118108
70995.3,0.00142942
71021.8,0.0017781
71044.6,0.00220154
71063.5,0.00269034
71082.4,0.00336852
71099.5,0.00422529
71115.3,0.00533601
71129.5,0.00672541
71142.1,0.00840737
71154.8,0.0106661
71168.3,0.0139043
71190.3,0.0207459
71201.9,0.024057
71212.2,0.0255838
71215.1,0.0256695
71225.2,0.0247174
71237.7,0.021482
71261.1,0.0141626
71274.3,0.0109359
71286.7,0.0086577
71299.4,0.00692086
71312.3,0.00559678
71327.5,0.00446081
71344.5,0.00354607
71361.6,0.00288747
71380.5,0.0023547
71403.2,0.00189714
71429.8,0.00152385
71456.3,0.00126045
71490.4,0.00102326
71528.3,8.42E-04
71573.7,6.96E-04
71624.2,5.86E-04
71684.9,4.99E-04
71755.6,4.32E-04
71856.6,3.75E-04
72019.5,3.30E-04
72115.4,3.16E-04
72355,3.05E-04
72690.5,3.15E-04
73169.8,3.56E-04
73649,4.20E-04
74128.3,5.14E-04
74559.6,6.33E-04
74943,7.80E-04
75278.5,9.55E-04
75566.1,0.00116
75877.6,0.00146679
76141.2,0.00183156
76380.9,0.00229439
76596.5,0.00287651
76788.2,0.00359434
76956,0.00445511
77099.8,0.00545227
77243.5,0.00679778
77387.3,0.00865333
77507.1,0.0107724
77627,0.0135896
77746.8,0.0173859
77866.6,0.0222793
78115.8,0.0343762
78211.7,0.0372684
78263.9,0.0377444
78345.9,0.0367227
78460.9,0.032389
78690.9,0.0211466
78825.1,0.0160107
78944.9,0.0125916
79064.8,0.0100189
79208.5,0.00778178
79352.3,0.00617703
79496.1,0.00500136
79663.8,0.00399839
79855.6,0.00317203
80047.3,0.00257355
80262.9,0.00207968
80502.6,0.00168034
80742.2,0.00138562
81029.8,0.00112392
81365.2,9.03E-04
81748.7,7.23E-04
82180,5.79E-04
82659.3,4.64E-04
83234.4,3.68E-04
83809.5,3.00E-04
84480.5,2.44E-04
84959.8,2.16E-04
85439,1.97E-04
85678.7,1.93E-04
85858.4,1.97E-04
85994.3,2.06E-04
86107.5,2.27E-04
86175.3,2.50E-04
86231.9,2.83E-04
86277.2,3.26E-04
86316.8,3.84E-04
86349.8,4.59E-04
86376.6,5.51E-04
86397.8,6.56E-04
86419,8.08E-04
86435.5,9.78E-04
86450.6,0.00119533
86463.6,0.00145445
86476.8,0.00182342
86488.3,0.00227791
86499,0.00285696
86509.3,0.00363494
86519.6,0.00470674
86529.5,0.00604084
86547.2,0.00890517
86554.7,0.0097911
86561.5,0.0100725
86569.1,0.00970298
86579.6,0.00828123
86597,0.00550738
86607.6,0.00420034
86617,0.00333643
86626.9,0.00266339
86638.2,0.00210614
86650,0.00169082
86663.2,0.00135852
86677.4,0.0011048
86694.4,8.90E-04
86711.3,7.38E-04
86732.5,6.04E-04
86755.2,5.05E-04
86783.4,4.19E-04
86816.4,3.51E-04
86850.4,3.03E-04
86895.6,2.60E-04
86952.2,2.25E-04
87020.1,1.98E-04
87125.7,1.72E-04
87276.5,1.52E-04
87502.8,1.35E-04
87879.9,1.19E-04
88558.8,1.02E-04
89652.4,8.52E-05
91010.1,7.10E-05
92483.3,6.03E-05
94386.1,5.10E-05
96289,4.44E-05
98984.6,3.85E-05
101997,3.45E-05
105169,3.27E-05
105803,3.26E-05
108340,3.35E-05
110084,3.61E-05
111353,4.01E-05
112304,4.57E-05
113018,5.29E-05
113573,6.16E-05
114049,7.31E-05
114445,8.77E-05
114762,1.05E-04
115063,1.28E-04
115317,1.57E-04
115539,1.94E-04
115698,2.30E-04
115856,2.80E-04
115983,3.33E-04
116110,4.06E-04
116221,4.92E-04
116332,6.11E-04
116431,7.60E-04
116514,9.33E-04
116598,0.0011738
116669,0.00146289
116728,0.00179274
116788,0.00224478
116841,0.00280812
116889,0.00349515
116937,0.00444242
116978,0.00558169
117020,0.00713228
117061,0.00922858
117106,0.0121758
117179,0.0177007
117210,0.0191784
117230,0.0194158
117258,0.0187537
117301,0.016052
117373,0.0105955
117414,0.00818496
117456,0.00635666
117497,0.00501395
117539,0.00402301
117587,0.00319342
117640,0.00252249
117700,0.00199169
117759,0.00160959
117830,0.00127914
117902,0.00104059
117985,8.38E-04
118076,6.79E-04
118171,5.57E-04
118282,4.53E-04
118409,3.68E-04
118552,2.99E-04
118711,2.44E-04
118869,2.04E-04
119059,1.69E-04
119281,1.40E-04
119519,1.17E-04
119836,9.62E-05
120154,8.15E-05
120550,6.87E-05
121026,5.83E-05
121660,4.94E-05
122453,4.25E-05
123404,3.74E-05
124673,3.36E-05
126258,3.13E-05
127051,3.11E-05
128003,3.23E-05
128478,3.44E-05
128796,3.76E-05
128954,4.02E-05
129152,4.55E-05
129303,5.22E-05
129430,6.15E-05
129526,7.22E-05
129606,8.61E-05
129669,1.02E-04
129725,1.21E-04
129773,1.46E-04
129815,1.75E-04
129854,2.14E-04
129885,2.57E-04
129916,3.16E-04
129943,3.91E-04
129968,4.85E-04
129988,5.93E-04
130008,7.39E-04
130024,9.10E-04
130039,0.00112153
130052,0.00137571
130064,0.00171032
130075,0.00211733
130085,0.00265368
130094,0.00328917
130102,0.00410887
130108,0.00502201
130115,0.00628646
130120,0.00768491
130125,0.00945696
130129,0.0116384
130133,0.0145884
130137,0.0179792
130140,0.021968
130142,0.0272478
130145,0.0340281
130147,0.0416577
130149,0.0525824
130151,0.0655984
130153,0.082756
130155,0.105014
130156,0.136076
130158,0.179281
130161,0.243126
130166,0.406819
130168,0.452787
130170,0.470179
130172,0.454625
130174,0.411316
130179,0.268954
130181,0.189291
130183,0.142045
130185,0.109065
130187,0.0858109
130189,0.067341
130191,0.0532856
130193,0.0425644
130195,0.0348948
130197,0.0283583
130200,0.0228117
130203,0.0186003
130207,0.0148257
130210,0.0121115
130215,0.00980274
130220,0.00785698
130225,0.00641426
130231,0.00512399
130238,0.00407969
130246,0.00329574
130255,0.00265925
130265,0.00212204
130276,0.00171441
130288,0.00137925
130301,0.00112457
130316,9.13E-04
130332,7.41E-04
130352,5.95E-04
130372,4.86E-04
130397,3.92E-04
130424,3.17E-04
130455,2.58E-04
130492,2.08E-04
130534,1.69E-04
130578,1.40E-04
130631,1.15E-04
130691,9.62E-05
130767,7.97E-05
130858,6.66E-05
130969,5.64E-05
131079,4.98E-05
131221,4.39E-05
131392,3.93E-05
131620,3.56E-05
131962,3.25E-05
132304,3.06E-05
133215,2.83E-05
135038,2.69E-05
139997,2.61E-05
146778,2.68E-05
149508,2.83E-05
150685,3.06E-05
151309,3.36E-05
151669,3.72E-05
151949,4.20E-05
152150,4.80E-05
152279,5.41E-05
152430,6.51E-05
152538,7.75E-05
152614,9.02E-05
152678,1.05E-04
152743,1.27E-04
152800,1.53E-04
152847,1.84E-04
152894,2.29E-04
152935,2.84E-04
152968,3.49E-04
152999,4.31E-04
153026,5.34E-04
153049,6.61E-04
153070,8.16E-04
153089,0.00101132
153106,0.00125511
153120,0.00153762
153133,0.00188675
153144,0.00232804
153156,0.00290621
153165,0.003587
153173,0.00438107
153181,0.00545381
153188,0.00668419
153194,0.00819022
153199,0.0101685
153205,0.0127396
153209,0.0159986
153213,0.0199333
153217,0.0243811
153220,0.0305817
153223,0.0380005
153225,0.047722
153227,0.0586048
153230,0.0738267
153231,0.0915701
153233,0.117171
153235,0.150061
153237,0.196649
153240,0.266506
153246,0.470166
153248,0.52839
153250,0.543598
153252,0.528348
153255,0.47314
153262,0.23706
153264,0.178085
153266,0.134569
153268,0.10586
153270,0.0838837
153272,0.0680557
153274,0.0550015
153276,0.0439873
153279,0.0352577
153282,0.0280783
153285,0.0228451
153289,0.0184546
153293,0.0147886
153298,0.0118791
153303,0.00950432
153309,0.00774634
153315,0.00624994
153323,0.00498142
153331,0.00398644
153340,0.00323333
153351,0.00257665
153363,0.00206579
153376,0.00165011
153391,0.00133082
153407,0.00107439
153423,8.87E-04
153444,7.09E-04
153466,5.81E-04
153493,4.64E-04
153520,3.81E-04
153553,3.07E-04
153590,2.50E-04
153630,2.05E-04
153679,1.67E-04
153735,1.36E-04
153795,1.14E-04
153870,9.41E-05
153962,7.79E-05
154048,6.76E-05
154168,5.78E-05
154321,4.98E-05
154512,4.37E-05
154780,3.86E-05
155162,3.47E-05
155774,3.19E-05
156539,3.05E-05
157763,3.00E-05
159709,3.11E-05
160912,3.33E-05
161635,3.66E-05
162056,4.08E-05
162296,4.52E-05
162507,5.16E-05
162658,5.92E-05
162778,6.89E-05
162872,8.07E-05
162957,9.69E-05
163025,1.16E-04
163076,1.38E-04
163127,1.68E-04
163171,2.07E-04
163209,2.55E-04
163241,3.13E-04
163270,3.87E-04
163295,4.80E-04
163318,5.96E-04
163337,7.35E-04
163354,9.08E-04
163370,0.00113841
163383,0.00139778
163395,0.00174382
163406,0.00215437
163415,0.00264906
163424,0.00327148
163431,0.00401962
163438,0.00493093
163444,0.00613835
163450,0.00762945
163454,0.00940637
163459,0.0117481
163463,0.0143947
163466,0.0176051
163469,0.0215944
163472,0.027002
163474,0.0328883
163476,0.0411087
163478,0.0509751
163480,0.0633934
163482,0.080305
163483,0.102096
163485,0.130808
163487,0.175086
163489,0.236697
163493,0.372479
163496,0.486424
163499,0.540745
163500,0.551717
163503,0.530782
163505,0.472761
163512,0.233749
163514,0.172771
163516,0.130075
163517,0.101506
163519,0.0798861
163521,0.0630789
163523,0.0498012
163525,0.0402634
163527,0.0322893
163529,0.0265649
163532,0.0217879
163535,0.0175026
163538,0.013975
163542,0.0114409
163547,0.00923269
163552,0.00737578
163557,0.00600257
163564,0.00484212
163571,0.00386459
163578,0.00315797
163587,0.00255114
163597,0.00208297
163608,0.00165957
163621,0.00133211
163634,0.0010952
163648,8.93E-04
163667,7.16E-04
163685,5.86E-04
163707,4.76E-04
163732,3.84E-04
163761,3.12E-04
163793,2.55E-04
163831,2.08E-04
163876,1.69E-04
163924,1.41E-04
163975,1.20E-04
164043,1.01E-04
164128,8.50E-05
164235,7.27E-05
164358,6.42E-05
164505,5.83E-05
164700,5.41E-05
165043,5.20E-05
165410,5.40E-05
165728,5.85E-05
166028,6.60E-05
166227,7.34E-05
166377,8.08E-05
166577,9.41E-05
166751,1.11E-04
166901,1.33E-04
167026,1.58E-04
167138,1.91E-04
167250,2.37E-04
167343,2.93E-04
167420,3.62E-04
167490,4.50E-04
167548,5.56E-04
167600,6.90E-04
167645,8.58E-04
167684,0.0010614
167717,0.00129564
167749,0.00162613
167775,0.00199829
167799,0.002485
167818,0.00300539
167838,0.00374133
167855,0.00464187
167870,0.00575235
167883,0.00710578
167895,0.0086997
167906,0.0109136
167916,0.0135797
167924,0.0168861
167932,0.0209683
167938,0.0256638
167944,0.0314121
167950,0.0386197
167955,0.0482375
167959,0.0603582
167963,0.0749731
167966,0.0918671
167969,0.113797
167972,0.138193
167974,0.169501
167976,0.205102
167978,0.255134
167980,0.318144
167981,0.404017
167983,0.514254
167985,0.659084
167987,0.88086
167989,1.18624
167995,2.24826
167998,2.53704
168000,2.63863
168002,2.56642
168005,2.28414
168012,1.11634
168014,0.831469
168016,0.626335
168017,0.479774
168019,0.382328
168021,0.308541
168023,0.24348
168024,0.200614
168026,0.162852
168029,0.133101
168031,0.110078
168034,0.0898781
168037,0.0737812
168041,0.0598762
168045,0.0489013
168050,0.040018
168055,0.0329947
168060,0.0268125
168067,0.0216072
168075,0.0175479
168083,0.0141107
168093,0.0112934
168104,0.00913394
168117,0.00733969
168130,0.00605193
168145,0.00493894
168162,0.00412043
168180,0.00345049
168200,0.00296693
168222,0.00261307
168243,0.00238943
168275,0.00224082
168286,0.0022354
168311,0.00230617
168335,0.00250666
168354,0.00279146
168374,0.00323655
168391,0.00383253
168406,0.00459317
168419,0.00551956
168431,0.00675222
168441,0.00816871
168451,0.010112
168459,0.0123497
168467,0.0153965
168474,0.0192621
168481,0.0240089
168486,0.0300819
168492,0.0379466
168496,0.0469799
168500,0.0585102
168504,0.0726781
168508,0.0936358
168512,0.121064
168517,0.167453
168524,0.235196
168528,0.261954
168531,0.267882
168535,0.256021
168540,0.219849
168549,0.137644
168553,0.103459
168557,0.0816774
168561,0.0652341
168564,0.0528925
168569,0.0422369
168574,0.0334624
168579,0.0272137
168584,0.0219015
168591,0.0173878
168598,0.0139984
168606,0.0113875
168615,0.00908806
168625,0.00733815
168637,0.00591429
168648,0.00484734
168663,0.00389921
168678,0.00315641
168696,0.00256464
168717,0.00205699
168740,0.00168013
168766,0.00136597
168795,0.00112172
168831,9.12E-04
168867,7.67E-04
168910,6.47E-04
168962,5.52E-04
169011,5.01E-04
169064,4.80E-04
169067,4.79E-04
169104,4.89E-04
169144,5.30E-04
169171,5.86E-04
169199,6.80E-04
169219,7.91E-04
169238,9.46E-04
169253,0.00112041
169267,0.00135571
169279,0.00162969
169290,0.00201859
169299,0.00244972
169308,0.00302303
169315,0.00369583
169323,0.00462136
169329,0.00578416
169334,0.00721162
169339,0.00901765
169344,0.0112691
169347,0.0138335
169351,0.0170407
169354,0.0213019
169357,0.0271144
169361,0.0347994
169364,0.0455663
169369,0.0663305
169374,0.0876648
169378,0.0957412
169380,0.0973769
169383,0.0941126
169387,0.0820042
169396,0.04715
169399,0.036027
169402,0.0283287
169405,0.0225194
169408,0.0179306
169412,0.0142492
169416,0.0114407
169420,0.00907275
169425,0.00724243
169431,0.00576628
169437,0.00464047
169444,0.00370403
169452,0.00298252
169460,0.00242034
169470,0.00195749
169480,0.00160513
169492,0.00131548
169506,0.00106273
169521,8.66E-04
169540,7.06E-04
169559,5.87E-04
169583,4.80E-04
169607,4.05E-04
169641,3.30E-04
169675,2.78E-04
169718,2.34E-04
169776,1.93E-04
169842,1.62E-04
169924,1.36E-04
170023,1.16E-04
170139,9.94E-05
170303,8.39E-05
170490,7.24E-05
170743,6.22E-05
171095,5.33E-05
171528,4.66E-05
171962,4.24E-05
172612,3.86E-05
173696,3.50E-05
175430,3.26E-05
178898,3.11E-05
181498,3.08E-05
199172,3.25E-05
246527,4.05E-05
262174,4.46E-05
265657,4.74E-05
267098,5.11E-05
267818,5.57E-05
268299,6.20E-05
268629,7.02E-05
268869,8.07E-05
269049,9.36E-05
269199,1.11E-04
269319,1.32E-04
269416,1.57E-04
269488,1.85E-04
269560,2.24E-04
269623,2.73E-04
269675,3.32E-04
269720,4.01E-04
269758,4.81E-04
269795,5.91E-04
269829,7.28E-04
269858,8.90E-04
269885,0.00109982
269910,0.00136604
269933,0.00172198
269953,0.00212962
269971,0.00264279
269987,0.00328154
270004,0.00417585
270019,0.00525752
270034,0.00669619
270052,0.00891497
270078,0.0127676
270090,0.0139995
270100,0.0143641
270112,0.0138979
270127,0.0121767
270158,0.00777702
270173,0.00601498
270189,0.00467313
270204,0.00374002
270222,0.00295149
270240,0.0023556
270260,0.001872
270281,0.00151004
270304,0.00121907
270328,9.99E-04
270357,8.09E-04
270387,6.64E-04
270419,5.49E-04
270460,4.44E-04
270505,3.62E-04
270559,2.94E-04
270622,2.39E-04
270694,1.95E-04
270766,1.65E-04
270866,1.37E-04
270971,1.17E-04
271091,1.02E-04
271241,8.85E-05
271451,7.71E-05
271721,6.86E-05
272142,6.17E-05
272790,5.75E-05
273420,5.64E-05
274444,5.85E-05
275154,6.33E-05
275626,6.95E-05
276036,7.92E-05
276351,9.20E-05
276572,1.06E-04
276761,1.25E-04
276918,1.48E-04
277060,1.80E-04
277171,2.15E-04
277265,2.59E-04
277344,3.09E-04
277423,3.78E-04
277494,4.67E-04
277557,5.79E-04
277612,7.15E-04
277659,8.75E-04
277706,0.00109527
277746,0.00134468
277785,0.00167947
277825,0.00213067
277864,0.00272956
277918,0.00378799
277965,0.00474022
277993,0.00509457
278012,0.00517428
278034,0.00507338
278066,0.00463046
278154,0.00283938
278195,0.00219504
278234,0.0017271
278274,0.00137995
278313,0.00112167
278360,8.94E-04
278408,7.29E-04
278463,5.89E-04
278526,4.74E-04
278589,3.92E-04
278668,3.18E-04
278746,2.66E-04
278841,2.20E-04
278951,1.83E-04
279077,1.54E-04
279219,1.31E-04
279408,1.10E-04
279629,9.44E-05
279913,8.17E-05
280275,7.19E-05
280748,6.45E-05
281457,5.85E-05
282718,5.40E-05
285239,5.15E-05
287445,5.11E-05
298791,5.39E-05
310360,6.01E-05
318288,6.78E-05
321259,7.38E-05
322339,7.97E-05
322846,8.66E-05
323150,9.55E-05
323352,1.07E-04
323501,1.21E-04
323602,1.37E-04
323683,1.57E-04
323761,1.85E-04
323820,2.17E-04
323870,2.57E-04
323913,3.04E-04
323955,3.73E-04
323989,4.52E-04
324021,5.59E-04
324048,6.88E-04
324073,8.60E-04
324096,0.00107963
324115,0.00133487
324134,0.00168817
324150,0.00210053
324167,0.00270189
324185,0.00353496
324225,0.00576706
324236,0.00616075
324245,0.00625505
324257,0.00604156
324274,0.00526413
324304,0.00346744
324322,0.00268428
324338,0.00210404
324355,0.00167608
324374,0.00132641
324394,0.00106887
324417,8.53E-04
324439,6.98E-04
324466,5.66E-04
324498,4.57E-04
324532,3.77E-04
324574,3.08E-04
324617,2.60E-04
324667,2.19E-04
324726,1.87E-04
324804,1.59E-04
324905,1.36E-04
325027,1.20E-04
325196,1.06E-04
325445,9.62E-05
325851,8.91E-05
326593,8.55E-05
327066,8.51E-05
329632,9.01E-05
333143,1.04E-04
335676,1.20E-04
337957,1.41E-04
339781,1.64E-04
341605,1.99E-04
342974,2.35E-04
344114,2.78E-04
345026,3.23E-04
345938,3.83E-04
346736,4.51E-04
347649,5.57E-04
348447,6.85E-04
349131,8.39E-04
349612,9.82E-04
350201,0.00119334
350791,0.0014809
351381,0.00185987
352254,0.00263977
352952,0.00346959
353302,0.00405703
353451,0.00448081
353564,0.00502969
353638,0.00566373
353694,0.00645365
353741,0.00752635
353779,0.0089091
353807,0.0105111
353831,0.0125797
353851,0.0150441
353868,0.0180976
353882,0.0217083
353895,0.0264777
353906,0.032267
353916,0.0393696
353925,0.0485744
353933,0.0602798
353940,0.0742247
353946,0.0919783
353951,0.113699
353956,0.141424
353961,0.17505
353965,0.215947
353968,0.270086
353972,0.346327
353977,0.454883
353981,0.618165
353993,1.05569
353996,1.15092
354000,1.1865
354004,1.151
354009,1.01838
354020,0.559555
354025,0.425488
354029,0.327341
354033,0.254689
354037,0.201769
354041,0.163138
354045,0.132149
354051,0.105509
354056,0.0862672
354063,0.0694802
354070,0.0559023
354079,0.044794
354088,0.0369098
354098,0.0302359
354109,0.0251536
354122,0.0208725
354137,0.0172616
354155,0.0143562
354173,0.0122232
354201,0.0100598
354234,0.00842743
354272,0.00723563
354312,0.00641543
354374,0.0056026
354449,0.00501256
354549,0.00455004
354749,0.00403609
355198,0.00337728
356046,0.00244465
356720,0.00187572
357344,0.00147591
357967,0.00118144
358591,9.60E-04
359340,7.67E-04
360088,6.27E-04
360962,5.09E-04
361960,4.13E-04
363082,3.37E-04
364330,2.78E-04
365827,2.28E-04
367574,1.90E-04
369570,1.60E-04
372065,1.35E-04
375059,1.17E-04
379051,1.01E-04
384541,8.99E-05
391527,8.30E-05
396517,8.14E-05
400260,8.29E-05
402443,8.76E-05
403691,9.49E-05
404421,1.05E-04
404914,1.17E-04
405266,1.33E-04
405544,1.54E-04
405766,1.80E-04
405944,2.12E-04
406100,2.54E-04
406211,2.98E-04
406322,3.62E-04
406411,4.34E-04
406497,5.34E-04
406565,6.46E-04
406633,8.05E-04
406692,1.00E-03
406740,0.00122764
406784,0.00151133
406823,0.00185833
406857,0.00227148
406892,0.00285077
406921,0.00351926
406951,0.00445833
406978,0.00566585
407006,0.00727633
407033,0.00951712
407071,0.0135137
407105,0.0169763
407126,0.0180368
407131,0.0180947
407148,0.0176601
407173,0.0155628
407225,0.00993065
407253,0.007609
407278,0.00601911
407303,0.00482663
407331,0.00384552
407361,0.00306044
407395,0.0024427
407431,0.00196074
407470,0.0015858
407508,0.00131057
407557,0.00105945
407606,8.77E-04
407664,7.18E-04
407734,5.83E-04
407811,4.77E-04
407900,3.93E-04
408011,3.20E-04
408123,2.70E-04
408256,2.28E-04
408434,1.91E-04
408612,1.67E-04
408878,1.43E-04
409212,1.26E-04
409656,1.13E-04
410327,1.03E-04
411277,9.81E-05
411705,9.77E-05
412988,1.01E-04
414090,1.10E-04
414851,1.23E-04
415459,1.42E-04
415915,1.65E-04
416295,1.95E-04
416599,2.32E-04
416865,2.81E-04
417055,3.31E-04
417246,4.03E-04
417417,4.95E-04
417569,6.14E-04
417702,7.62E-04
417816,9.41E-04
417911,0.00114289
418006,0.00141525
418101,0.00178831
418186,0.00223799
418281,0.00290181
418501,0.00480252
418572,0.00512979
418599,0.00515566
418656,0.00502189
418738,0.00446871
418918,0.00286828
419013,0.00221317
419108,0.00172487
419203,0.00136941
419298,0.00110832
419412,8.82E-04
419526,7.20E-04
419659,5.84E-04
419812,4.74E-04
419983,3.87E-04
420173,3.20E-04
420363,2.72E-04
420629,2.26E-04
420933,1.90E-04
421313,1.61E-04
421769,1.39E-04
422377,1.21E-04
423214,1.06E-04
424392,9.57E-05
426293,8.78E-05
429524,8.33E-05
431425,8.29E-05
434086,8.55E-05
435226,8.98E-05
435987,9.71E-05
436462,1.07E-04
436747,1.18E-04
436984,1.33E-04
437175,1.53E-04
437317,1.75E-04
437436,2.03E-04
437537,2.38E-04
437626,2.82E-04
437700,3.36E-04
437766,4.04E-04
437822,4.82E-04
437878,5.95E-04
437922,7.24E-04
437962,8.85E-04
437996,0.00107811
438029,0.00133017
438056,0.00162637
438082,0.00202787
438104,0.00248694
438125,0.00310441
438144,0.00387989
438160,0.00486073
438174,0.00597168
438186,0.00736828
438197,0.00904569
438208,0.0112821
438217,0.0140671
438225,0.0174804
438233,0.0218704
438239,0.0272984
438245,0.0338433
438250,0.0414305
438254,0.051324
438258,0.0632624
438261,0.0770452
438264,0.0939241
438266,0.116927
438269,0.148552
438272,0.18644
438274,0.241435
438277,0.318279
438280,0.425674
438285,0.60884
438293,0.991018
438296,1.11646
438300,1.16276
438304,1.11776
438307,0.99332
438318,0.491193
438321,0.359997
438324,0.269502
438327,0.206117
438330,0.164685
438332,0.131236
438335,0.103715
438338,0.0842651
438341,0.0685237
438345,0.0550541
438349,0.0450541
438353,0.0364484
438358,0.0300149
438364,0.0245391
438370,0.0198996
438377,0.0162134
438385,0.0132314
438395,0.0106491
438406,0.00852866
438418,0.00680482
438432,0.00546336
438447,0.00437123
438463,0.0035649
438482,0.0028805
438503,0.00233691
438527,0.0018861
438554,0.00151041
438585,0.00121871
438618,9.93E-04
438656,8.12E-04
438694,6.76E-04
438744,5.49E-04
438795,4.57E-04
438856,3.79E-04
438917,3.23E-04
439004,2.67E-04
439100,2.25E-04
439202,1.94E-04
439324,1.68E-04
439487,1.46E-04
439650,1.31E-04
439894,1.17E-04
440220,1.06E-04
440627,9.79E-05
441302,9.10E-05
442612,8.59E-05
445604,8.33E-05
447101,8.32E-05
459072,8.76E-05
469098,9.67E-05
474635,1.07E-04
478226,1.20E-04
480471,1.36E-04
482117,1.56E-04
483314,1.81E-04
484286,2.13E-04
485035,2.51E-04
485633,2.97E-04
486157,3.55E-04
486606,4.25E-04
487055,5.26E-04
487429,6.43E-04
487803,8.01E-04
488222,0.00103939
488940,0.00151582
489254,0.00162736
489359,0.00163424
489628,0.00157715
490018,0.0013558
490646,9.38E-04
491020,7.48E-04
491394,6.05E-04
491843,4.84E-04
492292,4.00E-04
492816,3.33E-04
493414,2.81E-04
494163,2.40E-04
495060,2.09E-04
496258,1.85E-04
497829,1.70E-04
499924,1.64E-04
500073,1.64E-04
501869,1.68E-04
502767,1.75E-04
503515,1.89E-04
503964,2.04E-04
504338,2.31E-04
504563,2.59E-04
504725,2.93E-04
504855,3.33E-04
504971,3.89E-04
505073,4.62E-04
505158,5.54E-04
505228,6.65E-04
505282,7.90E-04
505337,9.67E-04
505386,0.00119873
505424,0.0014535
505461,0.00179822
505495,0.00224631
505525,0.00279839
505552,0.0035063
505576,0.00435535
505599,0.00546746
505621,0.0069232
505644,0.00894478
505676,0.0124961
505701,0.0153948
505717,0.0165524
505732,0.0168899
505747,0.0163187
505767,0.014449
505815,0.00898257
505838,0.00697796
505859,0.00553174
505883,0.00438054
505906,0.00353698
505931,0.0028797
505961,0.00231296
505993,0.0018608
506028,0.00151352
506069,0.00123136
506114,0.00100714
506164,8.33E-04
506228,6.80E-04
506295,5.70E-04
506375,4.78E-04
506456,4.16E-04
506569,3.56E-04
506703,3.11E-04
506871,2.75E-04
507072,2.48E-04
507340,2.28E-04
507742,2.13E-04
508412,2.04E-04
508813,2.03E-04
510555,2.12E-04
512699,2.41E-04
514574,2.81E-04
516182,3.34E-04
517522,4.00E-04
518594,4.74E-04
519666,5.79E-04
520603,7.10E-04
521273,8.39E-04
521943,0.0010071
522613,0.00123194
523283,0.00155337
523819,0.00189537
524288,0.00227597
524891,0.00292531
525573,0.00386041
526545,0.00529952
527049,0.00568443
527193,0.00570506
527655,0.0054867
528257,0.00472098
529321,0.00313102
529876,0.00248614
530454,0.00197513
531033,0.00158993
531727,0.00125528
532421,0.00101525
533230,8.15E-04
534156,6.54E-04
535197,5.29E-04
536353,4.32E-04
537742,3.53E-04
539361,2.91E-04
541212,2.44E-04
543294,2.09E-04
545607,1.82E-04
548846,1.58E-04
553010,1.41E-04
557174,1.32E-04
557868,1.32E-04
560110,1.36E-04
561190,1.45E-04
561828,1.60E-04
562253,1.80E-04
562519,2.01E-04
562731,2.29E-04
562917,2.68E-04
563050,3.10E-04
563183,3.72E-04
563289,4.45E-04
563382,5.39E-04
563462,6.53E-04
563528,7.83E-04
563602,9.86E-04
563666,0.0012244
563730,0.00154339
563823,0.00214708
563902,0.00264231
563945,0.00278547
563964,0.00280254
564018,0.00268781
564091,0.0022604
564189,0.00161346
564259,0.00125274
564325,9.99E-04
564391,8.13E-04
564471,6.54E-04
564551,5.42E-04
564644,4.51E-04
564750,3.79E-04
564883,3.20E-04
565042,2.74E-04
565202,2.46E-04
565441,2.22E-04
565733,2.10E-04
565813,2.09E-04
566078,2.16E-04
566291,2.31E-04
566450,2.53E-04
566610,2.89E-04
566716,3.26E-04
566822,3.77E-04
566915,4.46E-04
566995,5.33E-04
567061,6.37E-04
567114,7.54E-04
567167,9.12E-04
567214,0.00111117
567254,0.00135064
567287,0.0016247
567322,0.00202404
567352,0.00251039
567378,0.00309792
567401,0.00384292
567421,0.00475321
567439,0.0058302
567456,0.00732376
567471,0.00909826
567484,0.0111981
567495,0.0137921
567506,0.0172815
567515,0.0213463
567523,0.0262503
567530,0.0319935
567536,0.0396392
567542,0.0483878
567547,0.0594245
567552,0.0741864
567556,0.0919349
567559,0.112876
567563,0.14025
567566,0.175743
567570,0.228441
567573,0.297421
567577,0.396642
567583,0.566563
567591,0.858826
567596,0.9738
567600,1.00787
567604,0.982224
567609,0.875255
567622,0.432262
567626,0.320276
567630,0.246014
567633,0.190332
567637,0.148333
567641,0.116392
567644,0.0951457
567648,0.0764951
567653,0.061675
567657,0.0509236
567663,0.0414881
567669,0.0337931
567676,0.0275722
567683,0.0223057
567693,0.0177915
567702,0.0145424
567713,0.0119253
567726,0.00948874
567741,0.007666
567756,0.00619096
567775,0.00494821
567795,0.00400682
567818,0.00323392
567842,0.00264735
567869,0.00216005
567899,0.00176527
567936,0.00142906
567979,0.00114854
568024,9.41E-04
568081,7.60E-04
568137,6.33E-04
568206,5.25E-04
568285,4.38E-04
568380,3.67E-04
568498,3.08E-04
568643,2.61E-04
568797,2.29E-04
568997,2.02E-04
569233,1.84E-04
569523,1.73E-04
569683,1.71E-04
569946,1.77E-04
570121,1.92E-04
570244,2.16E-04
570318,2.40E-04
570384,2.75E-04
570439,3.19E-04
570482,3.73E-04
570522,4.46E-04
570556,5.38E-04
570584,6.51E-04
570608,7.89E-04
570630,9.71E-04
570649,0.00120052
570665,0.00147627
570678,0.00180591
570690,0.00220671
570701,0.00271639
570711,0.00333703
570720,0.00415825
570728,0.00514151
570735,0.00640865
570740,0.00788293
570745,0.0095946
570749,0.0116241
570753,0.0139398
570756,0.0171361
570760,0.0214751
570762,0.0264987
570765,0.0333284
570767,0.0412889
570770,0.0516122
570773,0.0678327
570776,0.0907051
570779,0.124097
570784,0.180568
570792,0.279371
570796,0.316699
570800,0.329979
570804,0.318301
570808,0.283998
570816,0.179853
570821,0.122787
570824,0.0914068
570827,0.0706413
570830,0.0547852
570832,0.0426624
570835,0.0334694
570838,0.0265276
570841,0.0209705
570844,0.017003
570847,0.0138439
570851,0.0111714
570856,0.00921101
570860,0.00756549
570866,0.00618063
570873,0.0050406
570880,0.00411466
570889,0.00332651
570899,0.00270821
570910,0.00220015
570922,0.00180036
570935,0.00147137
570951,0.00119598
570970,9.66E-04
570992,7.85E-04
571016,6.46E-04
571044,5.33E-04
571078,4.40E-04
571118,3.67E-04
571161,3.12E-04
571216,2.66E-04
571282,2.30E-04
571356,2.04E-04
571479,1.77E-04
571610,1.61E-04
571854,1.45E-04
572188,1.34E-04
572722,1.27E-04
573789,1.21E-04
576417,1.17E-04
578607,1.21E-04
579921,1.28E-04
580796,1.39E-04
581372,1.56E-04
581749,1.76E-04
582019,2.00E-04
582234,2.30E-04
582432,2.74E-04
582567,3.19E-04
582701,3.87E-04
582809,4.67E-04
582904,5.70E-04
582984,6.99E-04
583047,8.40E-04
583104,0.00101422
583160,0.00125964
583205,0.00153593
583244,0.00186853
583283,0.00233284
583317,0.00290365
583348,0.00362014
583374,0.00449056
583396,0.00549071
583417,0.00674579
583436,0.008361
583453,0.0103909
583467,0.0127417
583481,0.0158785
583494,0.0198429
583504,0.0245138
583514,0.0305001
583523,0.0377545
583531,0.0471731
583538,0.0586267
583544,0.0732181
583550,0.0900287
583556,0.113302
583561,0.1437
583566,0.183461
583572,0.244855
583581,0.357119
583590,0.474215
583596,0.523281
583600,0.53299
583606,0.512775
583612,0.458082
583627,0.255739
583634,0.191817
583639,0.15006
583644,0.118021
583650,0.0943249
583655,0.0764174
583661,0.062079
583668,0.0495014
583676,0.0394191
583685,0.0314527
583695,0.0252003
583706,0.0203004
583718,0.016519
583732,0.0131564
583746,0.0106966
583762,0.00872484
583780,0.0070785
583801,0.00565863
583823,0.00463299
583847,0.00378843
583875,0.00307242
583906,0.00251575
583941,0.00203481
583982,0.00164817
584027,0.00134113
584072,0.00111776
584128,9.15E-04
584193,7.49E-04
584260,6.25E-04
584341,5.19E-04
584436,4.32E-04
584544,3.63E-04
584678,3.04E-04
584840,2.58E-04
585038,2.20E-04
585253,1.94E-04
585559,1.71E-04
585972,1.52E-04
586404,1.41E-04
587250,1.30E-04
588545,1.24E-04
589551,1.23E-04
591676,1.27E-04
593119,1.37E-04
594107,1.53E-04
594714,1.71E-04
595170,1.95E-04
595550,2.27E-04
595815,2.63E-04
596043,3.10E-04
596233,3.68E-04
596385,4.35E-04
596527,5.26E-04
596656,6.45E-04
596755,7.77E-04
596841,9.34E-04
596926,0.00115465
596997,0.00141396
597061,0.00173951
597114,0.00210588
597165,0.00259955
597211,0.00321034
597251,0.00394989
597289,0.00493042
597322,0.00613139
597353,0.0077177
597380,0.00961556
597403,0.0118649
597422,0.0145476
597442,0.0182536
597460,0.0226718
597475,0.028068
597488,0.0344887
597502,0.0434683
597513,0.0541214
597524,0.0670828
597534,0.0837178
597544,0.107316
597555,0.139946
597566,0.185806
597585,0.268321
597592,0.292139
597601,0.302247
597609,0.292672
597619,0.259422
597643,0.156066
597653,0.120237
597663,0.0953725
597672,0.0765667
597682,0.0617511
597694,0.0492529
597707,0.0389217
597720,0.0313311
597735,0.0251251
597752,0.0200243
597771,0.0159737
597790,0.0130363
597813,0.0104676
597835,0.00858968
597861,0.00703042
597891,0.00569698
597923,0.0046586
597961,0.00375768
598002,0.00304446
598048,0.00248147
598096,0.00205207
598157,0.00165136
598226,0.00133132
598298,0.00109664
598383,8.95E-04
598483,7.30E-04
598597,5.99E-04
598739,4.87E-04
598891,4.06E-04
599081,3.38E-04
599309,2.85E-04
599574,2.44E-04
599878,2.15E-04
600334,1.88E-04
600941,1.70E-04
601739,1.59E-04
602690,1.56E-04
603900,1.62E-04
604867,1.77E-04
605593,1.98E-04
606197,2.30E-04
606621,2.66E-04
606923,3.04E-04
607225,3.62E-04
607467,4.32E-04
607679,5.25E-04
607830,6.20E-04
607981,7.56E-04
608117,9.34E-04
608223,0.00113312
608314,0.00136686
608399,0.00167335
608471,0.00203889
608532,0.00245444
608592,0.00302397
608646,0.00373855
608695,0.00461899
608737,0.00568648
608778,0.00712354
608814,0.00887417
608844,0.0109365
608873,0.0137251
608897,0.0168839
608921,0.0211622
608942,0.0264342
608961,0.0327468
608979,0.0412081
608995,0.0512876
609010,0.0645307
609026,0.0818046
609042,0.107318
609082,0.182371
609092,0.193035
609101,0.197197
609113,0.190798
609130,0.165399
609160,0.107654
609176,0.0825676
609191,0.0651146
609207,0.0520127
609224,0.0411331
609242,0.0325537
609262,0.0257621
609284,0.0205306
609309,0.0163845
609335,0.0131665
609365,0.0104636
609397,0.00845773
609430,0.00692431
609469,0.00562279
609511,0.00458747
609560,0.00373034
609608,0.00310158
609668,0.0025288
609741,0.00204366
609826,0.00165216
609910,0.0013791
610013,0.00114683
610128,9.68E-04
610249,8.39E-04
610400,7.34E-04
610551,6.68E-04
610733,6.26E-04
610906,6.13E-04
611155,6.37E-04
611368,7.00E-04
611545,7.93E-04
611722,9.38E-04
611864,0.00111552
611989,0.00134103
612092,0.00160102
612191,0.00195693
612276,0.00238605
612347,0.00287849
612418,0.00355974
612473,0.00428391
612535,0.00541487
612583,0.0066452
612629,0.00828717
612670,0.0103108
612706,0.0127502
612737,0.0157662
612766,0.0194303
612792,0.0241274
612817,0.0301652
612840,0.0379209
612862,0.0478247
612881,0.0603024
612899,0.0756459
612917,0.096695
612938,0.128294
612979,0.205499
612993,0.222035
613002,0.225382
613017,0.217086
613037,0.185916
613072,0.12046
613090,0.0938289
613107,0.0739334
613125,0.0590289
613145,0.046664
613167,0.0369163
613191,0.0292003
613216,0.0232564
613245,0.0185454
613275,0.0148885
613311,0.0118167
613349,0.00953662
613393,0.00760977
613440,0.00612062
613490,0.00499634
613546,0.00405794
613610,0.00329416
613681,0.00268222
613766,0.00215903
613866,0.00173237
613965,0.00143095
614100,0.00114783
614242,9.43E-04
614384,8.01E-04
614561,6.81E-04
614774,5.94E-04
614969,5.60E-04
615023,5.58E-04
615165,5.78E-04
615271,6.22E-04
615352,6.89E-04
615417,7.72E-04
615481,9.03E-04
615527,0.00104798
615574,0.00126387
615613,0.0015329
615647,0.00187959
615676,0.00231532
615700,0.0028351
615721,0.0034515
615740,0.00424918
615757,0.00523053
615772,0.00651547
615785,0.00799649
615798,0.010005
615808,0.0123883
615817,0.0153394
615826,0.0189195
615833,0.0236838
615840,0.0295467
615846,0.0362486
615851,0.0450974
615856,0.05635
615861,0.0707016
615866,0.0916694
615871,0.120164
615878,0.163683
615891,0.26815
615896,0.296437
615901,0.303531
615905,0.294869
615911,0.267176
615927,0.139519
615933,0.103537
615938,0.0803054
615942,0.0638157
615948,0.0501295
615953,0.0398902
615959,0.0320965
615965,0.0260535
615972,0.0210438
615980,0.0168577
615988,0.0137051
615998,0.0111975
616009,0.00907242
616022,0.00727915
616035,0.00591579
616050,0.00484127
616066,0.00397506
616087,0.00319252
616110,0.00257682
616133,0.0021369
616162,0.00173744
616196,0.00141202
616234,0.00115977
616280,9.46E-04
616327,7.98E-04
616385,6.68E-04
616455,5.63E-04
616537,4.79E-04
616630,4.14E-04
616769,3.51E-04
616950,3.02E-04
617176,2.64E-04
617480,2.34E-04
617870,2.10E-04
618495,1.88E-04
619276,1.74E-04
620526,1.63E-04
621932,1.60E-04
623964,1.66E-04
625838,1.82E-04
627244,2.06E-04
628338,2.37E-04
629276,2.78E-04
630057,3.33E-04
630650,3.94E-04
631213,4.80E-04
631650,5.77E-04
632025,6.95E-04
632400,8.67E-04
632650,0.00102766
632900,0.00124651
633119,0.00151166
633322,0.00185186
633510,0.00229081
633674,0.0028307
633814,0.00347274
633931,0.00419952
634048,0.00518866
634154,0.00641419
634248,0.00790161
634341,0.00994395
634424,0.0123903
634506,0.0157039
634588,0.0201526
634688,0.0272994
634806,0.0365261
634866,0.0394937
634906,0.0401423
634944,0.0396323
635006,0.0367368
635188,0.0239509
635275,0.0194205
635345,0.0169205
635416,0.0153325
635490,0.0145476
635517,0.0144825
635593,0.0150161
635666,0.016696
635724,0.0191947
635770,0.0222817
635816,0.0267383
635860,0.0329802
635902,0.0414703
635942,0.0526777
635986,0.0694692
636053,0.0990528
636082,0.107917
636103,0.109992
636127,0.107488
636156,0.0981513
636241,0.0602887
636281,0.0465828
636318,0.0369687
636358,0.0291626
636402,0.0230237
636450,0.0182761
636502,0.0146272
636554,0.0119812
636618,0.00959462
636682,0.00787863
636760,0.00638902
636852,0.00513532
636955,0.00414594
637073,0.00334989
637202,0.00273586
637339,0.00226439
637516,0.00182909
637722,0.0014761
637929,0.0012251
638157,0.00102315
638460,8.33E-04
638754,7.01E-04
639123,5.82E-04
639566,4.82E-04
640082,4.02E-04
640745,3.32E-04
641409,2.85E-04
642294,2.43E-04
643474,2.07E-04
644948,1.79E-04
647013,1.58E-04
649667,1.43E-04
653944,1.31E-04
659106,1.26E-04
662928,1.25E-04
672136,1.29E-04
677153,1.39E-04
679854,1.52E-04
681398,1.69E-04
682459,1.90E-04
683231,2.19E-04
683761,2.51E-04
684195,2.94E-04
684533,3.45E-04
684822,4.10E-04
685064,4.91E-04
685256,5.84E-04
685425,7.01E-04
685570,8.38E-04
685700,0.00101251
685816,0.00122781
685917,0.00148848
686019,0.00185503
686105,0.00230166
686178,0.00281772
686238,0.00340514
686298,0.00420659
686353,0.00520281
686400,0.00640961
686444,0.00791853
686486,0.00995619
686524,0.0125287
686556,0.0155844
686585,0.0192863
686613,0.0241109
686640,0.0305882
686664,0.0384123
686688,0.0488583
686716,0.0644202
686765,0.0995697
686785,0.109461
686802,0.112581
686814,0.111017
686833,0.102655
686895,0.0595695
686922,0.0454734
686947,0.0354629
686971,0.0283904
686998,0.0226295
687027,0.0180388
687058,0.0144257
687092,0.0115979
687128,0.00938635
687167,0.00765286
687210,0.00621949
687258,0.00505523
687319,0.00401493
687379,0.00327008
687451,0.00262885
687524,0.00216718
687610,0.00176354
687712,0.00142933
687827,0.00116078
687958,9.49E-04
688102,7.85E-04
688247,6.68E-04
688440,5.57E-04
688681,4.65E-04
688922,4.03E-04
689260,3.47E-04
689646,3.10E-04
690080,2.88E-04
690466,2.83E-04
690948,2.94E-04
691315,3.20E-04
691605,3.61E-04
691833,4.16E-04
692013,4.85E-04
692156,5.69E-04
692270,6.65E-04
692384,8.05E-04
692483,9.87E-04
692554,0.0011716
692626,0.00142929
692682,0.00170843
692735,0.00207289
692786,0.00256573
692832,0.00318619
692871,0.00393061
692904,0.00480897
692937,0.00603277
692965,0.00748051
692988,0.00913666
693011,0.0113098
693032,0.0141401
693050,0.0175405
693067,0.0220234
693081,0.0271875
693094,0.0337801
693106,0.0418149
693117,0.0523408
693129,0.0665392
693139,0.0852706
693150,0.110756
693161,0.146286
693185,0.232831
693192,0.251121
693200,0.257612
693209,0.247879
693219,0.21906
693243,0.132226
693253,0.102092
693264,0.0788655
693274,0.0631723
693285,0.0496682
693297,0.0396897
693310,0.0314569
693323,0.0253988
693339,0.0204426
693357,0.0162215
693376,0.0130465
693396,0.0106247
693418,0.00860384
693444,0.00695691
693474,0.00558254
693508,0.00445114
693546,0.00357549
693586,0.00291745
693633,0.00236621
693686,0.0019189
693747,0.00156065
693808,0.00130151
693879,0.00108196
693964,8.95E-04
694064,7.44E-04
694178,6.24E-04
694320,5.24E-04
694468,4.55E-04
694619,4.05E-04
694848,3.56E-04
695153,3.18E-04
695534,2.94E-04
695992,2.86E-04
696526,2.99E-04
696983,3.29E-04
697365,3.77E-04
697670,4.41E-04
697914,5.22E-04
698097,6.13E-04
698280,7.47E-04
698432,9.13E-04
698554,0.0011029
698659,0.00133384
698753,0.00161974
698833,0.00195806
698913,0.0024287
698980,0.00297572
699046,0.00374169
699100,0.00459509
699153,0.00577617
699197,0.00711153
699237,0.00875229
699276,0.0109076
699314,0.013747
699351,0.0174476
699393,0.022986
699476,0.036099
699507,0.0390089
699521,0.0393901
699549,0.0381828
699587,0.0332856
699659,0.0217516
699700,0.016598
699737,0.0130728
699776,0.0104095
699818,0.0082171
699864,0.00653054
699915,0.00519359
699968,0.0041785
700028,0.00335717
700095,0.00270454
700162,0.00223133
700247,0.00179391
700339,0.00146477
700446,0.00119266
700560,9.88E-04
700690,8.22E-04
700842,6.85E-04
701016,5.76E-04
701236,4.85E-04
701497,4.12E-04
701792,3.59E-04
702186,3.15E-04
702482,2.91E-04
703073,2.65E-04
703664,2.50E-04
704846,2.40E-04
705240,2.39E-04
706816,2.49E-04
708786,2.79E-04
710362,3.21E-04
711839,3.82E-04
713021,4.56E-04
714006,5.47E-04
714893,6.63E-04
715681,8.10E-04
716370,9.92E-04
716961,0.00120694
717454,0.00144633
718045,0.0018411
718538,0.00229769
719030,0.00290365
719582,0.00380498
720744,0.00603909
721276,0.00684884
721453,0.00742245
721562,0.00814368
721697,0.00969199
721790,0.0106281
721813,0.0106813
721869,0.0104182
722043,0.00833842
722123,0.00773964
722215,0.0074292
722250,0.00739967
722349,0.00758541
722434,0.00810956
722518,0.00914407
722589,0.0106661
722645,0.0126425
722693,0.0152009
722731,0.0182176
722764,0.0219209
722793,0.0265561
722818,0.0321778
722842,0.0394144
722864,0.0484144
722888,0.0615865
722911,0.0793583
722937,0.106148
722972,0.147878
722988,0.162085
723003,0.166695
723020,0.161054
723040,0.142368
723084,0.090645
723108,0.0691344
723129,0.0551103
723151,0.0439409
723176,0.0349206
723203,0.0280632
723232,0.0226804
723264,0.0184345
723302,0.0149536
723346,0.0121016
723399,0.00980951
723450,0.00824713
723518,0.00679852
723591,0.0057291
723684,0.00478075
723785,0.00408468
723910,0.0034779
724085,0.00290292
724294,0.00244486
724544,0.00206272
724836,0.00174654
725254,0.00143
725713,0.0011868
726255,9.81E-04
726923,8.03E-04
727674,6.63E-04
728593,5.45E-04
729678,4.51E-04
730922,3.81E-04
732285,3.32E-04
733745,3.04E-04
734524,2.99E-04
735498,3.08E-04
736179,3.34E-04
736666,3.73E-04
737007,4.21E-04
737299,4.88E-04
737542,5.76E-04
737737,6.84E-04
737907,8.25E-04
738049,9.98E-04
738165,0.00120434
738268,0.00145968
738355,0.0017656
738436,0.00215537
738509,0.00265064
738569,0.00322372
738630,0.0040197
738685,0.00503623
738729,0.00618456
738773,0.00775662
738813,0.00975235
738847,0.0121454
738880,0.0153534
738908,0.0192224
738936,0.0243129
738960,0.0304564
738984,0.0386661
739010,0.0500271
739065,0.0810544
739084,0.089049
739102,0.0915559
739114,0.090278
739133,0.0834919
739196,0.048517
739223,0.0370585
739248,0.028918
739273,0.023166
739300,0.0184806
739329,0.0147469
739360,0.0118082
739394,0.00950824
739433,0.0076081
739477,0.00607885
739526,0.00486793
739580,0.00391821
739643,0.00312438
739704,0.00257601
739777,0.00210048
739859,0.00171305
739947,0.00141802
740049,0.00117048
740151,9.91E-04
740293,8.14E-04
740463,6.68E-04
740658,5.56E-04
740855,4.79E-04
741080,4.16E-04
741393,3.57E-04
741707,3.18E-04
742162,2.79E-04
742823,2.46E-04
743815,2.19E-04
745136,2.00E-04
747383,1.84E-04
750819,1.77E-04
751084,1.77E-04
754520,1.83E-04
756767,1.99E-04
758353,2.22E-04
759476,2.53E-04
760335,2.94E-04
760996,3.45E-04
761525,4.09E-04
761921,4.79E-04
762318,5.83E-04
762648,7.12E-04
762912,8.60E-04
763137,0.00103368
763348,0.00126492
763533,0.00154981
763692,0.00188875
763824,0.00227637
763956,0.00281184
764075,0.00349323
764181,0.00435516
764272,0.00540993
764351,0.00669413
764419,0.00823069
764485,0.0103385
764544,0.0130024
764597,0.0163006
764644,0.0202234
764690,0.025468
764743,0.0334813
764841,0.0522108
764878,0.057347
764907,0.0588057
764944,0.0566936
764989,0.0496995
765076,0.0328552
765128,0.0251455
765174,0.0199594
765222,0.015999
765271,0.0129873
765326,0.0104561
765382,0.00859525
765451,0.00690063
765521,0.00567364
765604,0.00460319
765701,0.0037123
765803,0.00304312
765928,0.00245607
766067,0.00199318
766206,0.00166006
766382,0.00135161
766568,0.00112023
766790,9.21E-04
767049,7.57E-04
767346,6.27E-04
767679,5.25E-04
768050,4.46E-04
768513,3.78E-04
769069,3.24E-04
769810,2.78E-04
770736,2.44E-04
771941,2.18E-04
773794,1.99E-04
776388,1.90E-04
776943,1.90E-04
779352,1.95E-04
781107,2.11E-04
782236,2.34E-04
782950,2.63E-04
783485,3.02E-04
783841,3.44E-04
784138,3.98E-04
784376,4.62E-04
784584,5.45E-04
784763,6.48E-04
784911,7.72E-04
785030,9.10E-04
785149,0.0011033
785253,0.00134303
785342,0.00162792
785416,0.00195698
785491,0.00241207
785558,0.00298919
785617,0.00371239
785666,0.00454096
785714,0.00564915
785756,0.00703799
785792,0.00869732
785825,0.0107485
785855,0.013323
785883,0.0167274
785907,0.020701
785928,0.0255285
785949,0.0320446
785967,0.0398924
785985,0.0504674
786000,0.062764
786015,0.0787986
786030,0.100172
786046,0.130012
786080,0.204344
786092,0.221344
786101,0.225994
786111,0.221574
786126,0.19734
786162,0.119471
786178,0.0914456
786193,0.0722811
786208,0.05788
786225,0.0458964
786243,0.0365835
786263,0.0288936
786284,0.023249
786305,0.0189533
786332,0.0150779
786360,0.0122076
786392,0.00974803
786426,0.00791614
786463,0.0064697
786504,0.00526386
786556,0.00418669
786608,0.00341652
786668,0.00277997
786727,0.00231439
786801,0.00188961
786877,0.00157548
786975,0.00128501
787081,0.00106234
787200,8.84E-04
787348,7.29E-04
787527,6.03E-04
787705,5.17E-04
787943,4.39E-04
788240,3.76E-04
788596,3.29E-04
789072,2.91E-04
789785,2.60E-04
790855,2.41E-04
792579,2.33E-04
795135,2.43E-04
798130,2.73E-04
800873,3.22E-04
802965,3.80E-04
804459,4.40E-04
805984,5.23E-04
807433,6.39E-04
808767,7.93E-04
809926,9.83E-04
810970,0.00122532
811781,0.00149027
812361,0.00176368
812767,0.00206003
812999,0.00232598
813201,0.00269406
813346,0.00311587
813462,0.00365239
813549,0.00427361
813622,0.00505011
813675,0.00588127
813728,0.00703076
813773,0.00849579
813811,0.0102448
813842,0.0122188
813871,0.0147874
813899,0.0182135
813921,0.0221783
813943,0.0273122
813963,0.0341224
813980,0.0422239
813998,0.053446
814013,0.0669442
814028,0.084158
814042,0.106618
814065,0.152626
814085,0.190261
814099,0.203973
814102,0.204607
814114,0.199011
814130,0.174108
814162,0.110694
814178,0.0850006
814193,0.0676626
814209,0.0532909
814225,0.0431466
814243,0.0346951
814263,0.0282664
814286,0.0230051
814310,0.019139
814338,0.0161415
814366,0.0140769
814406,0.0121841
814517,0.00889331
814602,0.00672985
814669,0.00553421
814741,0.00468909
814808,0.00417402
814897,0.00371815
815031,0.00330417
815165,0.00305168
815432,0.00278218
815968,0.00254712
818063,0.00191909
819713,0.00141419
820828,0.00116806
821497,0.00106906
822054,0.00103539
822472,0.00107068
822611,0.00109984
822890,0.00123041
823057,0.00138345
823197,0.00160751
823308,0.00188295
823392,0.00220288
823461,0.00259161
823517,0.0030246
823573,0.00362683
823629,0.00446805
823670,0.00537648
823712,0.00664639
823749,0.00820645
823780,0.0100084
823813,0.0125751
823841,0.0157052
823872,0.0202135
823904,0.0266271
823969,0.0427695
823991,0.046017
824002,0.0465157
824022,0.045312
824048,0.0404109
824108,0.0254944
824137,0.0198883
824164,0.0157759
824193,0.012634
824222,0.0102482
824255,0.00824851
824294,0.00658019
824333,0.00538636
824377,0.00441498
824421,0.00370554
824475,0.00306601
824544,0.00249396
824620,0.00206344
824700,0.00175104
824800,0.00147713
824933,0.00123339
825099,0.00103914
825266,9.12E-04
825499,7.95E-04
825832,6.92E-04
826332,6.00E-04
827054,5.26E-04
827998,4.72E-04
828997,4.49E-04
829108,4.48E-04
829774,4.62E-04
830215,4.96E-04
830543,5.51E-04
830768,6.20E-04
830953,7.10E-04
831106,8.30E-04
831229,9.76E-04
831337,0.00116735
831429,0.00141002
831506,0.00170465
831567,0.002034
831627,0.00248884
831680,0.00305961
831723,0.00371093
831766,0.00462584
831801,0.00566692
831834,0.00702711
831863,0.00873111
831888,0.0107695
831910,0.0132947
831931,0.0164683
831950,0.0205453
831966,0.0253334
831982,0.0318518
831996,0.0400831
832009,0.0505191
832022,0.0641606
832033,0.0809088
832044,0.104708
832056,0.138649
832086,0.240121
832096,0.261899
832102,0.265702
832110,0.259447
832121,0.231044
832148,0.137207
832159,0.105699
832171,0.081638
832182,0.0640318
832195,0.0504285
832207,0.0405428
832221,0.0324359
832235,0.0263047
832252,0.0210519
832271,0.0169279
832290,0.013767
832313,0.0111102
832338,0.00897571
832366,0.0072256
832395,0.00595822
832430,0.0048165
832472,0.00387563
832514,0.00318516
832563,0.00260771
832630,0.00206658
832697,0.00169394
832774,0.00139457
832863,0.00115395
832977,9.46E-04
833105,7.92E-04
833232,6.87E-04
833385,5.98E-04
833640,5.05E-04
833894,4.47E-04
834200,4.01E-04
834607,3.64E-04
835219,3.32E-04
835830,3.12E-04
837256,2.89E-04
839294,2.79E-04
841433,2.89E-04
843165,3.18E-04
844489,3.61E-04
845508,4.19E-04
846323,4.91E-04
847036,5.87E-04
847647,7.06E-04
848259,8.76E-04
848870,0.00111297
850052,0.00168299
850516,0.00180151
850622,0.0018073
851050,0.00174538
851641,0.0014979
852527,0.00107686
853149,8.59E-04
853760,7.12E-04
854371,6.13E-04
855084,5.44E-04
855798,5.11E-04
856205,5.07E-04
856918,5.28E-04
857428,5.71E-04
857937,6.53E-04
858344,7.62E-04
858650,8.86E-04
858905,0.00103894
859107,0.00120401
859316,0.00143021
859528,0.00176619
859711,0.00218248
859863,0.00267054
860016,0.00335816
860137,0.00412566
860259,0.00518378
860366,0.00645606
860472,0.00818598
860579,0.0105303
860694,0.0138531
860894,0.0204539
860976,0.0219124
861008,0.0220591
861089,0.0212428
861197,0.0182259
861376,0.0122762
861476,0.00964702
861573,0.00768582
861680,0.00608568
861787,0.00490638
861908,0.00392049
862045,0.00312509
862198,0.00249799
862350,0.00204765
862533,0.00165901
862746,0.00134014
862989,0.00108692
863273,8.84E-04
863598,7.25E-04
863923,6.15E-04
864329,5.18E-04
864816,4.39E-04
865466,3.70E-04
866196,3.20E-04
867090,2.82E-04
868308,2.49E-04
870134,2.22E-04
872473,2.06E-04
873562,2.05E-04
874991,2.10E-04
875766,2.24E-04
876226,2.45E-04
876517,2.69E-04
876771,3.07E-04
876952,3.53E-04
877104,4.17E-04
877210,4.86E-04
877301,5.74E-04
877376,6.80E-04
877452,8.33E-04
877512,0.00100927
877570,0.00124581
877618,0.00152395
877669,0.00192848
877719,0.00247475
877770,0.0032229
877856,0.00461316
877887,0.00491035
877907,0.00496563
877938,0.00482695
877982,0.00426772
878072,0.00278156
878121,0.00216974
878169,0.00171623
878218,0.00138622
878268,0.00113852
878321,9.47E-04
878381,7.89E-04
878448,6.65E-04
878532,5.57E-04
878630,4.70E-04
878736,4.07E-04
878856,3.60E-04
879005,3.20E-04
879244,2.81E-04
879543,2.55E-04
880021,2.36E-04
880797,2.28E-04
881813,2.36E-04
882793,2.60E-04
883629,2.98E-04
884704,3.76E-04
885421,4.23E-04
885851,4.33E-04
886553,4.14E-04
889655,2.70E-04
890890,2.31E-04
892318,2.05E-04
894376,1.87E-04
897533,1.77E-04
898906,1.77E-04
902474,1.83E-04
904670,1.97E-04
906043,2.17E-04
906867,2.38E-04
907690,2.73E-04
908224,3.12E-04
908676,3.64E-04
909082,4.37E-04
909354,5.12E-04
909608,6.16E-04
909798,7.31E-04
909956,8.69E-04
910083,0.0010274
910194,0.00122597
910289,0.00147372
910373,0.00179855
910444,0.00219848
910516,0.00276533
910630,0.00385001
910672,0.00407619
910701,0.00412118
910843,0.00388702
910901,0.00399309
910975,0.00442178
911038,0.00508175
911100,0.00606091
911159,0.00740407
911214,0.00921863
911260,0.011316
911305,0.0141558
911346,0.017854
911382,0.0221776
911417,0.0278529
911451,0.0352703
911487,0.045684
911565,0.0727411
911585,0.0774411
911608,0.0797366
911636,0.0770293
911670,0.0675317
911737,0.0438734
911776,0.0332363
911811,0.0261667
911846,0.020891
911881,0.0168591
911923,0.0133898
911970,0.0105869
912019,0.00849835
912072,0.00682642
912135,0.00543717
912198,0.00443624
912269,0.0036055
912347,0.0029449
912434,0.00241024
912531,0.00197648
912656,0.00158314
912795,0.00128017
912934,0.00106563
913101,8.83E-04
913268,7.52E-04
913490,6.29E-04
913754,5.30E-04
914032,4.59E-04
914379,4.00E-04
914866,3.50E-04
915422,3.20E-04
916102,3.07E-04
916185,3.07E-04
916849,3.18E-04
917430,3.50E-04
917844,3.93E-04
918176,4.47E-04
918467,5.21E-04
918708,6.12E-04
918907,7.21E-04
919106,8.80E-04
919272,0.00107498
919421,0.00132896
919537,0.0016118
919643,0.00197094
919745,0.0024574
919832,0.00304995
919905,0.00373538
919977,0.00468995
920043,0.00590396
920101,0.0074199
920151,0.00925819
920198,0.0115704
920245,0.0147524
920286,0.0186076
920330,0.0241191
920378,0.031968
920450,0.0450982
920482,0.0488113
920503,0.0496341
920523,0.0489992
920556,0.0452849
920659,0.0268514
920705,0.0204949
920748,0.0160348
920789,0.0128349
920834,0.0102835
920884,0.00820021
920937,0.00659167
920995,0.00530781
921060,0.00426453
921133,0.00343226
921205,0.00282675
921297,0.00227565
921396,0.00184893
921512,0.00149539
921633,0.00123546
921761,0.00103363
921927,8.48E-04
922126,6.95E-04
922359,5.74E-04
922624,4.81E-04
922932,4.10E-04
923322,3.50E-04
923819,3.02E-04
924483,2.66E-04
925173,2.47E-04
925558,2.43E-04
925981,2.50E-04
926212,2.66E-04
926385,2.93E-04
926500,3.28E-04
926579,3.70E-04
926642,4.21E-04
926702,5.00E-04
926750,5.98E-04
926786,7.08E-04
926819,8.53E-04
926849,0.00103879
926871,0.00123699
926894,0.00151205
926916,0.00187272
926938,0.00235032
926962,0.00305208
927006,0.00454509
927026,0.00491549
927033,0.00494698
927049,0.00481129
927068,0.00430664
927113,0.00277159
927138,0.00213397
927159,0.00172064
927183,0.00137529
927208,0.00111682
927237,9.09E-04
927267,7.54E-04
927305,6.23E-04
927351,5.18E-04
927399,4.44E-04
927466,3.77E-04
927538,3.32E-04
927625,2.97E-04
927769,2.63E-04
927884,2.47E-04
928156,2.27E-04
928651,2.11E-04
929615,2.01E-04
930901,1.99E-04
933633,2.07E-04
935722,2.27E-04
937329,2.56E-04
938534,2.94E-04
939499,3.44E-04
940302,4.09E-04
940945,4.89E-04
941507,5.92E-04
941989,7.18E-04
942472,8.97E-04
942922,0.00112873
943500,0.00152759
944079,0.0019359
944429,0.00206195
944529,0.00206877
944850,0.00200168
945428,0.00167122
945943,0.00138819
946248,0.00129297
946465,0.00126849
946719,0.00131073
946913,0.0014095
947229,0.00169768
947494,0.00192018
947796,0.00212609
948153,0.00262329
948258,0.00268099
948436,0.00256592
948649,0.00238276
948682,0.00237829
948794,0.00244865
948869,0.00258377
948962,0.0028961
949036,0.00330226
949106,0.00385279
949176,0.00468501
949234,0.00568154
949288,0.00696037
949343,0.00882658
949396,0.0112773
949459,0.0151659
949537,0.0205814
949576,0.0223112
949601,0.0226469
949639,0.0218687
949692,0.018812
949784,0.0124297
949835,0.00970761
949884,0.00772449
949933,0.00624163
949992,0.00494215
950051,0.0040064
950110,0.00331784
950183,0.00269064
950257,0.00223693
950345,0.00184203
950448,0.00151469
950573,0.00123801
950717,0.0010186
950894,8.37E-04
951090,7.01E-04
951325,5.90E-04
951639,4.93E-04
952031,4.16E-04
952540,3.53E-04
953128,3.08E-04
954011,2.66E-04
954944,2.41E-04
956180,2.18E-04
958239,1.98E-04
961534,1.83E-04
966064,1.76E-04
969276,1.82E-04
970841,1.95E-04
971747,2.14E-04
972323,2.38E-04
972735,2.68E-04
973065,3.09E-04
973312,3.56E-04
973542,4.24E-04
973740,5.13E-04
973901,6.18E-04
974045,7.50E-04
974189,9.28E-04
974415,0.00129704
974531,0.00148131
974646,0.00159423
974695,0.00160709
974794,0.0015611
974926,0.00138615
975177,9.70E-04
975330,7.74E-04
975494,6.20E-04
975659,5.13E-04
975824,4.37E-04
976030,3.72E-04
976277,3.21E-04
976606,2.78E-04
977018,2.47E-04
977595,2.23E-04
978478,2.08E-04
979312,2.05E-04
980504,2.12E-04
981398,2.31E-04
982054,2.59E-04
982531,2.95E-04
982889,3.38E-04
983222,3.99E-04
983509,4.76E-04
983759,5.70E-04
984057,7.21E-04
984462,9.40E-04
984641,9.91E-04
984701,9.95E-04
984891,9.63E-04
985178,8.24E-04
985571,6.09E-04
985869,4.87E-04
986167,4.03E-04
986465,3.46E-04
986823,2.99E-04
987300,2.60E-04
987955,2.29E-04
988849,2.07E-04
990213,1.93E-04
991866,1.88E-04
993714,1.95E-04
994978,2.12E-04
996067,2.43E-04
997156,2.79E-04
997467,2.82E-04
998089,2.71E-04
999567,2.20E-04
999960,2.11E-04
999980,2.16E-04
1000000,2.38E-04
1000020,2.57E-04
1000030,2.64E-04
1280550,3.25E-04
1500000,3.94E-04
1781250,5.28E-04
2031250,6.80E-04
2343750,9.39E-04
2500000,0.00107999
2750000,0.00118116
3000000,0.00107
3281250,8.41E-04
3500000,7.02E-04
3812500,5.81E-04
4062500,5.07E-04
4312500,4.52E-04
4625000,4.04E-04
5000000,3.67E-04
5250000,3.62E-04
5500000,3.77E-04
5812500,4.22E-04
6062500,4.77E-04
6500000,6.06E-04
7625000,0.00100875
9125000,0.00162111
9750000,0.00176419
1.08E+07,0.00186741
1.10E+07,0.00188
1.15E+07,0.00184
1.23E+07,0.00164942
1.31E+07,0.00134758
1.49E+07,9.45E-04
1.64E+07,6.49E-04
1.75E+07,4.64E-04
1.83E+07,3.73E-04
1.90E+07,3.00E-04
1.98E+07,2.48E-04
2.06E+07,2.04E-04
2.15E+07,1.73E-04
2.23E+07,1.51E-04
2.33E+07,1.29E-04
2.43E+07,1.11E-04
2.55E+07,9.45E-05
2.70E+07,7.94E-05
2.90E+07,6.59E-05
3.00E+07,6.05E-05
3.00E+07,5.87E-05
3.00E+07,5.48E-05
3.00E+07,4.73E-05
3.00E+07,3.50E-05
3.00E+07,1.93E-05
3.00E+07,1.35E-05
3.00E+07,9.52E-06
3.00E+07,6.78E-06
3.00E+07,4.95E-06
3.00E+07,3.63E-06
3.00E+07,2.69E-06
3.00E+07,2.04E-06
3.00E+07,1.52E-06
3.00E+07,1.16E-06
3.00E+07,8.77E-07
3.00E+07,6.55E-07
3.00E+07,5.05E-07
3.00E+07,3.86E-07
3.00E+07,2.93E-07
3.00E+07,2.20E-07
3.00E+07,1.64E-07
3.00E+07,1.24E-07
3.00E+07,9.35E-08
3.00E+07,6.99E-08
3.00E+07,5.33E-08
3.00E+07,4.05E-08
3.00E+07,3.05E-08
3.00E+07,2.28E-08
3.00E+07,1.75E-08
3.00E+07,1.33E-08
3.00E+07,1.01E-08
3.00E+07,7.65E-09
3.00E+07,5.75E-09
3.00E+07,4.30E-09
3.00E+07,3.30E-09
3.00E+07,2.53E-09
3.00E+07,1.93E-09
3.00E+07,1.47E-09
3.00E+07,1.11E-09
3.00E+07,8.41E-10
3.00E+07,6.32E-10
3.00E+07,4.90E-10
3.00E+07,3.79E-10
3.00E+07,2.92E-10
3.00E+07,2.25E-10
3.00E+07,1.72E-10
3.00E+07,1.31E-10
3.00E+07,1.00E-10
3.00E+07,7.91E-11
3.00E+07,5.58E-12
3.00E+07,1.27E-14
3.00E+07,0
1.50E+08,0
